ref;TITULO;FECHA;ESTILO;TIPO;LOCALIDAD;PROVINCIA;DEDICATORIA;DURACION_SEG;AUTOR;BANDA_ESTRENO_CANDIDATA;DETALLES_MARCHA;DATOS_INT;MOTIVO;DISCO_ORIGEN;INSERTADA
M1;La salve;;AM;;;;;255;Martín Martín, Juan José - PROPUESTA DESCARTADA, sin autor resuelto: investigar manualmente;"(AM)Nuestra Señora de la Victoria (Arahal) - candidata segun disco de origen, sin cruzar con la BD; buscar en el desplegable del formulario por si ya existe con otro nombre";;;E_homonima_otro_autor;https://discografiasdemarchasprocesionales.com/discos/74/;
M2;Salud y refugio;;AM;;;;;;García Pérez, Gualberto (id 297, ya en BD);"(AM)Nuestro Padre Jesús Despojado de sus Vestiduras (Sevilla) - candidata segun disco de origen, sin cruzar con la BD; buscar en el desplegable del formulario por si ya existe con otro nombre";;;E_homonima_otro_autor;https://discografiasdemarchasprocesionales.com/discos/112/;
M6;Misericordia;;AM;;;;;;Lancharro Cordero, Luis Joaquín (id 246, ya en BD);"(AM)Nuestro Padre Jesús Despojado de sus Vestiduras (Sevilla) - candidata segun disco de origen, sin cruzar con la BD; buscar en el desplegable del formulario por si ya existe con otro nombre";;;E_homonima_otro_autor;https://discografiasdemarchasprocesionales.com/discos/112/;
M11;Abrid las puertas a cristo;;AM;;;;;180;De la Cruz, H.H (autor nuevo, sin alta todavía);AM Virgen de los Reyes (id 6, ya en BD) [origen: (AM)Nuestra Señora de los Reyes (Sevilla)];;;E_homonima_otro_autor;https://discografiasdemarchasprocesionales.com/discos/117/;
M12;Réquiem a santa marina;;AM;;;;;287;Carrasco Benítez, Francisco José (id 31, ya en BD);AM Virgen de los Reyes (id 6, ya en BD) [origen: (AM)Nuestra Señora de los Reyes (Sevilla)];;;B_titulo_parecido_otro_autor;https://discografiasdemarchasprocesionales.com/discos/204/;
M13;Salve a la macarena;;AM;;;;;340;Jurado Marín, Manuel Jesús (autor nuevo, sin alta todavía);AM Virgen de los Reyes (id 6, ya en BD) [origen: (AM)Nuestra Señora de los Reyes (Sevilla)];;;E_homonima_otro_autor;https://discografiasdemarchasprocesionales.com/discos/205/;
M29;La lanzada;;CCTT;;Sevilla;;B.C.T.Policia Armada;213;Montoya Alegre, Ramón - PROPUESTA DESCARTADA, sin autor resuelto: investigar manualmente;"(CT)Stmo.Cristo de las Tres Caídas (Sevilla) - candidata segun disco de origen, sin cruzar con la BD; buscar en el desplegable del formulario por si ya existe con otro nombre";;;E_homonima_otro_autor;https://discografiasdemarchasprocesionales.com/discos/378/;
M30;La oración del huerto;;CCTT;;;;;210;Montoya Alegre, Ramón - PROPUESTA DESCARTADA, sin autor resuelto: investigar manualmente;"(CT)Stmo.Cristo de las Tres Caídas (Sevilla) - candidata segun disco de origen, sin cruzar con la BD; buscar en el desplegable del formulario por si ya existe con otro nombre";;;E_homonima_otro_autor;https://discografiasdemarchasprocesionales.com/discos/378/;
M33;Rocío del cielo;;AM;;;;;;Velázquez Sánchez, Juan (id 372, ya en BD);NO DETERMINADA (varias bandas en la página del disco de origen);;;E_homonima_otro_autor;https://discografiasdemarchasprocesionales.com/discos/419/;
M34;La pasión;;AM;;;;;;Sebastian Bach, Juan (autor nuevo, sin alta todavía);"(AM)Nuestro Padre Jesús de la Redención (Sevilla) - candidata segun disco de origen, sin cruzar con la BD; buscar en el desplegable del formulario por si ya existe con otro nombre";;;E_homonima_otro_autor;https://discografiasdemarchasprocesionales.com/discos/420/;
M38;Al cielo el rey de triana;;CCTT;;;;;280;SIN AUTOR IDENTIFICADO - investigar manualmente;"(CT)Stmo.Cristo de las Tres Caídas (Sevilla) - candidata segun disco de origen, sin cruzar con la BD; buscar en el desplegable del formulario por si ya existe con otro nombre";;;V_autor_generico_origen;https://discografiasdemarchasprocesionales.com/discos/436/;
M41;Dulce nombre;;CCTT;;;;;;Cebrero Miranda, Ángel Manuel (id 78, ya en BD);"(CT)Stmo.Cristo de las Tres Caídas (Sevilla) - candidata segun disco de origen, sin cruzar con la BD; buscar en el desplegable del formulario por si ya existe con otro nombre";;;E_homonima_otro_autor;https://discografiasdemarchasprocesionales.com/discos/496/;
M43;Cristo de la sangre;1928;CCTT;;;;;215;Escámez López, Alberto (id 84, ya en BD);"(CT)Stmo.Cristo de las Tres Caídas (Sevilla) - candidata segun disco de origen, sin cruzar con la BD; buscar en el desplegable del formulario por si ya existe con otro nombre";;;E_homonima_otro_autor;https://discografiasdemarchasprocesionales.com/discos/514/;
M45;La santa espina;;AM;;;;;218;Morera i Viura, Enric (autor nuevo, sin alta todavía);"(AM)Nuestro Padre Jesús de la Redención (Sevilla) - candidata segun disco de origen, sin cruzar con la BD; buscar en el desplegable del formulario por si ya existe con otro nombre";;;E_homonima_otro_autor;https://discografiasdemarchasprocesionales.com/discos/548/;
M48;Jesús de la redención;;AM;;;;;;Sebastian Bach, Juan (autor nuevo, sin alta todavía);"(AM)Nuestra Señora de la Encarnación (Sevilla) - candidata segun disco de origen, sin cruzar con la BD; buscar en el desplegable del formulario por si ya existe con otro nombre";;;E_homonima_otro_autor;https://discografiasdemarchasprocesionales.com/discos/601/;
M50;Jesús de nazaret;;AM;;;;;;Sebastian Bach, Juan (autor nuevo, sin alta todavía);"(AM)Nuestra Señora de la Encarnación (Sevilla) - candidata segun disco de origen, sin cruzar con la BD; buscar en el desplegable del formulario por si ya existe con otro nombre";;;E_homonima_otro_autor;https://discografiasdemarchasprocesionales.com/discos/601/;
M58;Virgen de lourdes;;AM;;;;;114;Sebastian Bach, Juan (autor nuevo, sin alta todavía);"(AM)Nuestra Señora de la Encarnación (Sevilla) - candidata segun disco de origen, sin cruzar con la BD; buscar en el desplegable del formulario por si ya existe con otro nombre";;;E_homonima_otro_autor;https://discografiasdemarchasprocesionales.com/discos/710/;
M59;Sabed que vendra;;AM;;;;;184;Allen Zimmerman, Robert (autor nuevo, sin alta todavía);"(AM)Nuestra Señora de la Encarnación (Sevilla) - candidata segun disco de origen, sin cruzar con la BD; buscar en el desplegable del formulario por si ya existe con otro nombre";;;E_homonima_otro_autor;https://discografiasdemarchasprocesionales.com/discos/710/;
M60;Virgen de valvarena;;AM;;;;;125;Sebastian Bach, Juan (autor nuevo, sin alta todavía);"(AM)Nuestra Señora de la Encarnación (Sevilla) - candidata segun disco de origen, sin cruzar con la BD; buscar en el desplegable del formulario por si ya existe con otro nombre";;;B_titulo_parecido_otro_autor;https://discografiasdemarchasprocesionales.com/discos/710/;
M63;Y triana te corona;;CCTT;;Sevilla;;Virgen de la Estrella de Triana;222;SIN AUTOR IDENTIFICADO - investigar manualmente;"(CT)Ntro.Padre Jesús en la Presentación al Pueblo (Dos Hermanas) - candidata segun disco de origen, sin cruzar con la BD; buscar en el desplegable del formulario por si ya existe con otro nombre";;;V_autor_generico_origen;https://discografiasdemarchasprocesionales.com/discos/760/;
M66;Coral;;AM;;Sevilla;;Ntra.Sra.de la Encarnación;82;Sebastian Bach, Juan (autor nuevo, sin alta todavía);"(AM)Nuestra Señora de la Encarnación (Sevilla) - candidata segun disco de origen, sin cruzar con la BD; buscar en el desplegable del formulario por si ya existe con otro nombre";;;E_homonima_otro_autor;https://discografiasdemarchasprocesionales.com/discos/801/;
M67;Jesús de la victoria;;AM;;;;;;Sebastian Bach, Juan (autor nuevo, sin alta todavía);NO DETERMINADA (varias bandas en la página del disco de origen);;;E_homonima_otro_autor;https://discografiasdemarchasprocesionales.com/discos/918/;
M68;Virgen de la paz;;AM;;;;;;Morales Muñoz, Pedro (id 273, ya en BD);NO DETERMINADA (varias bandas en la página del disco de origen);;;E_homonima_otro_autor;https://discografiasdemarchasprocesionales.com/discos/918/;
M71;Cristo del amor;1944;;;;;;209;Escámez López, Alberto (id 84, ya en BD);"(AM)Nuestro Padre Jesús de la Salud (Sevilla) - candidata segun disco de origen, sin cruzar con la BD; buscar en el desplegable del formulario por si ya existe con otro nombre";;;E_homonima_otro_autor;https://discografiasdemarchasprocesionales.com/discos/923/;
M73;Calvario;;CCTT;;;;;;Montoya Alegre, Ramón - PROPUESTA DESCARTADA, sin autor resuelto: investigar manualmente;"(CT)Centuria Romana Macarena (Sevilla) - candidata segun disco de origen, sin cruzar con la BD; buscar en el desplegable del formulario por si ya existe con otro nombre";;;E_homonima_otro_autor;https://discografiasdemarchasprocesionales.com/discos/944/;
M74;Jesús cautivo;;CCTT;;;;;;Escámez López, Alberto (id 84, ya en BD);"(CT)Centuria Romana Macarena (Sevilla) - candidata segun disco de origen, sin cruzar con la BD; buscar en el desplegable del formulario por si ya existe con otro nombre";;;E_homonima_otro_autor;https://discografiasdemarchasprocesionales.com/discos/944/;
M78;Al señor de san lorenzo;;CCTT;;Córdoba;;Ntro.Padre Jesús del Calvario,;256;None (autor nuevo, sin alta todavía);"(CT)Nuestro Padre Jesús Despojado de sus Vestiduras (Granada) - candidata segun disco de origen, sin cruzar con la BD; buscar en el desplegable del formulario por si ya existe con otro nombre";;;E_homonima_otro_autor;https://discografiasdemarchasprocesionales.com/discos/1063/;
M81;Al stmo.cristo de la buena muerte;;AM;;Castro del Rio;;Stmo.Cristo de la Buena Muerte de la Hdad.de la Santa Vera Cruz;244;Cebareros, Francisco Javier (autor nuevo, sin alta todavía);"(AM)Santa Vera Cruz (Castro del Rio) - candidata segun disco de origen, sin cruzar con la BD; buscar en el desplegable del formulario por si ya existe con otro nombre";;;E_homonima_otro_autor;https://discografiasdemarchasprocesionales.com/discos/1114/;
M86;El cristo de la buena muerte;;CCTT;;;;;145;Escámez López, Alberto (id 84, ya en BD);"(CT)Centuria Romana Macarena (Sevilla) - candidata segun disco de origen, sin cruzar con la BD; buscar en el desplegable del formulario por si ya existe con otro nombre";;;E_homonima_otro_autor;https://discografiasdemarchasprocesionales.com/discos/1209/;
M87;Cautivo;;CCTT;;;;;;Escámez López, Alberto (id 84, ya en BD);"(CT)Centuria Romana Macarena (Sevilla) - candidata segun disco de origen, sin cruzar con la BD; buscar en el desplegable del formulario por si ya existe con otro nombre";;;E_homonima_otro_autor;https://discografiasdemarchasprocesionales.com/discos/1209/;
M88;Himno de san antonio;;AM;;Arahal;;Hdad.de San Antonio;248;Godino Villar, Antonio (id 296, ya en BD);"(AM)Nuestro Padre Jesús de la Salud (Sevilla) - candidata segun disco de origen, sin cruzar con la BD; buscar en el desplegable del formulario por si ya existe con otro nombre";;;E_homonima_otro_autor;https://discografiasdemarchasprocesionales.com/discos/1253/;
M89;Jesús tu profunda herida;;AM;;;;;170;Sebastian Bach, Juan (autor nuevo, sin alta todavía);"(AM)Nuestro Padre Jesús de la Salud (Sevilla) - candidata segun disco de origen, sin cruzar con la BD; buscar en el desplegable del formulario por si ya existe con otro nombre";;;E_homonima_otro_autor;https://discografiasdemarchasprocesionales.com/discos/1253/;
M97;Cruz de rendención;2000;AM;;;;;280;SIN AUTOR IDENTIFICADO - investigar manualmente;"(AM)Virgen de la Oliva (Vejer de la fra) - candidata segun disco de origen, sin cruzar con la BD; buscar en el desplegable del formulario por si ya existe con otro nombre";;;V_autor_generico_origen;https://discografiasdemarchasprocesionales.com/discos/1319/;
M100;Saeta nº5;;AM;;;;;90;Anónima (autor nuevo, sin alta todavía);"(AM)Santa María Magdalena (Arahal) - candidata segun disco de origen, sin cruzar con la BD; buscar en el desplegable del formulario por si ya existe con otro nombre";;;E_homonima_otro_autor;https://discografiasdemarchasprocesionales.com/discos/1368/;
M106;Sagrada cena;;CCTT;;;;;;Gómez Galván, Juan Antonio (id 422, ya en BD);"(CT)Nuestra Señora del Sol (Sevilla) - candidata segun disco de origen, sin cruzar con la BD; buscar en el desplegable del formulario por si ya existe con otro nombre";;;E_homonima_otro_autor;https://discografiasdemarchasprocesionales.com/discos/1478/;
M107;Siete palabras;;CCTT;;;;;;Miraut Lago, Luis Alfonso (id 72, ya en BD);"(CT)Nuestra Señora del Sol (Sevilla) - candidata segun disco de origen, sin cruzar con la BD; buscar en el desplegable del formulario por si ya existe con otro nombre";;;E_homonima_otro_autor;https://discografiasdemarchasprocesionales.com/discos/1478/;
M108;Entrada en jerusalén;;CCTT;;;;;;Villalba García, Juan Miguel (id 354, ya en BD);"(CT)Nuestra Señora del Sol (Sevilla) - candidata segun disco de origen, sin cruzar con la BD; buscar en el desplegable del formulario por si ya existe con otro nombre";;;E_homonima_otro_autor;https://discografiasdemarchasprocesionales.com/discos/1478/;
M110;Cirineo de tu cruz;;CCTT;;;;;212;Molina Ruiz, Francisco (id 664, ya en BD);"(CT)La Humildad (Torreperogil) - candidata segun disco de origen, sin cruzar con la BD; buscar en el desplegable del formulario por si ya existe con otro nombre";;;E_homonima_otro_autor;https://discografiasdemarchasprocesionales.com/discos/1530/;
M112;Nazareno;;CCTT;;;;;;Villalba García, Juan Miguel (id 354, ya en BD);"(CT)Nuestra Señora del Sol (Sevilla) - candidata segun disco de origen, sin cruzar con la BD; buscar en el desplegable del formulario por si ya existe con otro nombre";;;E_homonima_otro_autor;https://discografiasdemarchasprocesionales.com/discos/1541/;
M115;Amadisimo jesús;;AM;;;;;149;Sebastian Bach, Juan (autor nuevo, sin alta todavía);"(AM)Nuestra Señora de la Estrella (Dos Hermanas) - candidata segun disco de origen, sin cruzar con la BD; buscar en el desplegable del formulario por si ya existe con otro nombre";;;E_homonima_otro_autor;https://discografiasdemarchasprocesionales.com/discos/1603/;
M121;Tres necesidades;;CCTT;;;;;;González Ríos, Francisco Javier (id 18, ya en BD);"(CT)Ntra.Sra.de la Victoria (Sevilla) - candidata segun disco de origen, sin cruzar con la BD; buscar en el desplegable del formulario por si ya existe con otro nombre";;;E_homonima_otro_autor;https://discografiasdemarchasprocesionales.com/discos/1698/;
M130;Getsemaní;;CCTT;;;;;;Ortiz del Fruto, Fernando (autor nuevo, sin alta todavía);NO DETERMINADA (varias bandas en la página del disco de origen);;;E_homonima_otro_autor;https://discografiasdemarchasprocesionales.com/discos/1885/;
M134;Nuestra señora de la piedad;;CCTT;;;;;229;Popular,  (id 3, ya en BD);NO DETERMINADA (varias bandas en la página del disco de origen);;;V_autor_generico_origen;https://discografiasdemarchasprocesionales.com/discos/1885/;
M141;Prendimiento de jesús;;AM;;Córdoba;;Hdad.del Prendimiento;209;Cubero Romero, Alejandro (id 223, ya en BD);"(AM)Virgen de las Angustias (Cabra) - candidata segun disco de origen, sin cruzar con la BD; buscar en el desplegable del formulario por si ya existe con otro nombre";;;E_homonima_otro_autor;https://discografiasdemarchasprocesionales.com/discos/1904/;
M142;Lágrimas de san esteban;;CCTT;;;;;;Chaves Ramírez, Juan Manuel (id 500, ya en BD);"(CT)Madre de Dios de los Desamparados (Sevilla) - candidata segun disco de origen, sin cruzar con la BD; buscar en el desplegable del formulario por si ya existe con otro nombre";;;E_homonima_otro_autor;https://discografiasdemarchasprocesionales.com/discos/1943/;
M145;Plegaria;;AM;;;;;;Herrera Raya, Manuel (id 48, ya en BD);"(AM)Polillas (Cádiz) - candidata segun disco de origen, sin cruzar con la BD; buscar en el desplegable del formulario por si ya existe con otro nombre";;;E_homonima_otro_autor;https://discografiasdemarchasprocesionales.com/discos/1978/;
M146;Estrella y esperanza;;CCTT;;;;;184;Japón Rodríguez, Francisco (id 161, ya en BD);"(CT)Madre de Dios de los Desamparados (Sevilla) - candidata segun disco de origen, sin cruzar con la BD; buscar en el desplegable del formulario por si ya existe con otro nombre";;;E_homonima_otro_autor;https://discografiasdemarchasprocesionales.com/discos/2013/;
M148;Señor del molviedro;;CCTT;;Sevilla;;Hdad.de Ntro.Padre jesús Despojado de Sus Vestiduras;244;Sánchez Martín, José María (id 24, ya en BD);"(CT)Madre de Dios de los Desamparados (Sevilla) - candidata segun disco de origen, sin cruzar con la BD; buscar en el desplegable del formulario por si ya existe con otro nombre";;;B_titulo_parecido_otro_autor;https://discografiasdemarchasprocesionales.com/discos/2189/;
M155;Humildad y paciencia;;AM;;;;;;Bermejo Vallejo, Francisco (id 707, ya en BD);NO DETERMINADA (varias bandas en la página del disco de origen);;;E_homonima_otro_autor;https://discografiasdemarchasprocesionales.com/discos/2388/;
M162;Esperanza;;CCTT;;;;;;González Cruz, Manuel Alejandro (id 28, ya en BD);NO DETERMINADA (varias bandas en la página del disco de origen);;;E_homonima_otro_autor;https://discografiasdemarchasprocesionales.com/discos/2552/;
M167;El alma de la victoria;2009;CCTT;;;;Todos los Componentes de la Banda de Cornetas y Tambores Stmo.Cristo de la Victoria de León en XV Aniversario de su Fundación;219;Rojo Rubio, Santiago (id 508, ya en BD);"(CT)Stmo.Cristo de la Victoria (León) - candidata segun disco de origen, sin cruzar con la BD; buscar en el desplegable del formulario por si ya existe con otro nombre";;;B_titulo_parecido_otro_autor;https://discografiasdemarchasprocesionales.com/discos/2582/;
M170;Una mirada al cielo;;CCTT;;;;;;Garrido Navarro, José Carlos (id 733, ya en BD);"(CT)Ntra.Sra.de las Angustias (Porcuna) - candidata segun disco de origen, sin cruzar con la BD; buscar en el desplegable del formulario por si ya existe con otro nombre";;;E_homonima_otro_autor;https://discografiasdemarchasprocesionales.com/discos/2676/;
M173;Nazareno;;CCTT;;;;;;Callado Martos, Jose Luis (autor nuevo, sin alta todavía);"(CT)Ntra.Sra.de las Angustias (Porcuna) - candidata segun disco de origen, sin cruzar con la BD; buscar en el desplegable del formulario por si ya existe con otro nombre";;;E_homonima_otro_autor;https://discografiasdemarchasprocesionales.com/discos/2676/;
M177;Nostalgia;;CCTT;;;;;268;Garrido Navarro, José Carlos (id 733, ya en BD);"(CT)Ntra.Sra.de las Angustias (Porcuna) - candidata segun disco de origen, sin cruzar con la BD; buscar en el desplegable del formulario por si ya existe con otro nombre";;;E_homonima_otro_autor;https://discografiasdemarchasprocesionales.com/discos/2676/;
M178;Resurrección;;CCTT;;;;;;Garrido Navarro, José Carlos (id 733, ya en BD);"(CT)Ntra.Sra.de las Angustias (Porcuna) - candidata segun disco de origen, sin cruzar con la BD; buscar en el desplegable del formulario por si ya existe con otro nombre";;;E_homonima_otro_autor;https://discografiasdemarchasprocesionales.com/discos/2676/;
M179;Xv años de fe;;AM;;;;XV Aniversario de la Agrupacion Musical Ntro.Padre Jesus Nazareno de la Fuensanta de Moron y a todas las personas que han formado parte de la Agrupacion;265;Sánchez Martín, José María (id 24, ya en BD);"(AM)Nuestro Padre Jesús Nazareno de la Fuensanta (Morón de la frontera) - candidata segun disco de origen, sin cruzar con la BD; buscar en el desplegable del formulario por si ya existe con otro nombre";;;E_homonima_otro_autor;https://discografiasdemarchasprocesionales.com/discos/2702/;
M182;A nuestro padre jesús;;CCTT;;;;;205;None (autor nuevo, sin alta todavía);"(CT)Ntra.Sra.del Rosario (Cádiz) - candidata segun disco de origen, sin cruzar con la BD; buscar en el desplegable del formulario por si ya existe con otro nombre";;;E_homonima_otro_autor;https://discografiasdemarchasprocesionales.com/discos/2722/;
M189;Quinta palabra;;CCTT;;Sevilla;;Stmo.Cristo de la Sed;231;Cano García, Manuel (id 394, ya en BD);"(CT)Ntra.Sra.de la Salud (Utrera) - candidata segun disco de origen, sin cruzar con la BD; buscar en el desplegable del formulario por si ya existe con otro nombre";;;E_homonima_otro_autor;https://discografiasdemarchasprocesionales.com/discos/2828/;
M191;Humilitas e patientia;2012;CCTT;;Málaga;;Stmo.Cristo de la Humildad y Paciencia;169;Zumaquero Sánchez, Alberto - PROPUESTA DESCARTADA, sin autor resuelto: investigar manualmente;"(CT)Archicofradia del Paso y la Esperanza (Málaga) - candidata segun disco de origen, sin cruzar con la BD; buscar en el desplegable del formulario por si ya existe con otro nombre";;;B_titulo_parecido_otro_autor;https://discografiasdemarchasprocesionales.com/discos/2939/;
M192;A nuestro santo padre;;CCTT;;;;;218;None (autor nuevo, sin alta todavía);"(CT)Ntra.Sra.de la Salud (Utrera) - candidata segun disco de origen, sin cruzar con la BD; buscar en el desplegable del formulario por si ya existe con otro nombre";;;E_homonima_otro_autor;https://discografiasdemarchasprocesionales.com/discos/2953/;
M194;A jesus de la misericordia;;AM;;;;;177;SIN AUTOR IDENTIFICADO - investigar manualmente;"(AM)La Pollinica (Marbella) - candidata segun disco de origen, sin cruzar con la BD; buscar en el desplegable del formulario por si ya existe con otro nombre";;;V_autor_generico_origen;https://discografiasdemarchasprocesionales.com/discos/2997/;
M195;Lacrimosa;;AM;;;;;;Amadeus Mozart, Wolfgang (autor nuevo, sin alta todavía);"(AM)Polillas (Cádiz) - candidata segun disco de origen, sin cruzar con la BD; buscar en el desplegable del formulario por si ya existe con otro nombre";;;E_homonima_otro_autor;https://discografiasdemarchasprocesionales.com/discos/3018/;
M201;Concepción;;AM;;Jerez;;María Stma.de la Concepción;253;Villén Rincón, Rafael (id 114, ya en BD);"(AM)Nuestro Padre Jesús de la Sentencia (Jerez de la fra) - candidata segun disco de origen, sin cruzar con la BD; buscar en el desplegable del formulario por si ya existe con otro nombre";;;E_homonima_otro_autor;https://discografiasdemarchasprocesionales.com/discos/3093/;
M203;Bulerias en la plazuela;;AM;;Jerez de la fra;;Gente de la Plazuela y a la Hdad.de la Yedra;268;Villén Rincón, Rafael (id 114, ya en BD);"(AM)La Sentencia (Jerez de la fra) - candidata segun disco de origen, sin cruzar con la BD; buscar en el desplegable del formulario por si ya existe con otro nombre";;;E_homonima_otro_autor;https://discografiasdemarchasprocesionales.com/discos/3132/;
M208;Padre, señor de molviedro;;CCTT;;Sevilla;;Ntro.Padre Jesús Despojado de Sus Vestiduras;235;SIN AUTOR IDENTIFICADO - investigar manualmente;"(CT)Vera Cruz (Utrera) - candidata segun disco de origen, sin cruzar con la BD; buscar en el desplegable del formulario por si ya existe con otro nombre";;;V_autor_generico_origen;https://discografiasdemarchasprocesionales.com/discos/3251/;
M212;Himno a ntra.sra.de los linarejos;;AM;;Linares;;Ntra.Sra.de los Linarejos Coronada;221;del Valle Pérez, Juan Luis (id 82, ya en BD);"(AM)Nuestro Padre Jesús de la Pasión (Linares) - candidata segun disco de origen, sin cruzar con la BD; buscar en el desplegable del formulario por si ya existe con otro nombre";;;B_titulo_parecido_otro_autor;https://discografiasdemarchasprocesionales.com/discos/3318/;
M214;Padre nuestro de la pasión;2003;AM;;;;;289;García Bernárdez, Antonio Miguel (id 6, ya en BD);"(AM)Nuestra Señora del Rosario (Crevillente) - candidata segun disco de origen, sin cruzar con la BD; buscar en el desplegable del formulario por si ya existe con otro nombre";;;D_mismo_autor_titulo_parecido;https://discografiasdemarchasprocesionales.com/discos/3347/;
M215;Para ti, hermano;;AM;;;;;245;Ramírez Pérez, Víctor (id 69, ya en BD);"(AM)Virgen de las Lágrimas (San Fernando) - candidata segun disco de origen, sin cruzar con la BD; buscar en el desplegable del formulario por si ya existe con otro nombre";;;E_homonima_otro_autor;https://discografiasdemarchasprocesionales.com/discos/3415/;
M218;Flagelación;;CCTT;;;;;;López Sánchez, Enrique (id 714, ya en BD);(CT)Juvenil Ntra.Sra.de la Victoria (Sevilla) (banda nueva, pendiente de alta - ref B7);;;E_homonima_otro_autor;https://discografiasdemarchasprocesionales.com/discos/3446/;
M220;A jesús nazareno;;CCTT;;;;;350;Gracia García, Francisco Javier (autor nuevo, sin alta todavía);"(CT)Stmo.Cristo de la Elevación (Campo de Criptana) - candidata segun disco de origen, sin cruzar con la BD; buscar en el desplegable del formulario por si ya existe con otro nombre";;;E_homonima_otro_autor;https://discografiasdemarchasprocesionales.com/discos/3452/;
M221;A tus pies mi nazareno;;AM;;;;;293;Martínez Martínez, Emilio José (autor nuevo, sin alta todavía);(AM)Nuestro Padre Jesús Nazareno (El Bonillo) (banda nueva, pendiente de alta - ref B8);;;B_titulo_parecido_otro_autor;https://discografiasdemarchasprocesionales.com/discos/3502/;
M224;Capataz del soberano;;CCTT;;;;;150;Castro García, Raúl (id 534, ya en BD);"(CT)Ntra.Sra.del Rosario (Linares) - candidata segun disco de origen, sin cruzar con la BD; buscar en el desplegable del formulario por si ya existe con otro nombre";;;D_mismo_autor_titulo_parecido;https://discografiasdemarchasprocesionales.com/discos/3506/;
M225;Himno a ntra.sra.de los linarejos;;CCTT;;Linares;;Ntra.Sra.de los Linarejos Coronada;221;Gómez García, Joaquín (id 107, ya en BD);"(CT)Ntra.Sra.del Rosario (Linares) - candidata segun disco de origen, sin cruzar con la BD; buscar en el desplegable del formulario por si ya existe con otro nombre";;;B_titulo_parecido_otro_autor;https://discografiasdemarchasprocesionales.com/discos/3521/;
M230;Caridad;;CCTT;;;;;;Fernández Carranza, Juan Manuel (id 27, ya en BD);(CT)Ntra.Sra.de la Caridad (Vélez-Málaga) (banda nueva, pendiente de alta - ref B11);;;E_homonima_otro_autor;https://discografiasdemarchasprocesionales.com/discos/3632/;
M236;Madre y señora santa ana;;AM;;Alcalá la Real;;Hdad.de Ntra.Abuela Santa Ana y San Joaquín Santa Ana;244;Sánchez Martín, José María (id 24, ya en BD);"(AM)Santísimo Cristo de la Salud (Alcalá la Real) - candidata segun disco de origen, sin cruzar con la BD; buscar en el desplegable del formulario por si ya existe con otro nombre";;;D_mismo_autor_titulo_parecido;https://discografiasdemarchasprocesionales.com/discos/3679/;
M237;Sueño eterno;;CCTT;;;;;195;Baquero Ramírez, Antonio Manuel (id 189, ya en BD);"(CT)Stmo.Cristo de la Vera-Cruz (Los Palacios y Villafranca) - candidata segun disco de origen, sin cruzar con la BD; buscar en el desplegable del formulario por si ya existe con otro nombre";;;E_homonima_otro_autor;https://discografiasdemarchasprocesionales.com/discos/3696/;
M239;Flagelación;;CCTT;;;;;;García Belver, José Manuel (id 662, ya en BD);"(CT)Stmo.Cristo de la Vera-Cruz (Los Palacios y Villafranca) - candidata segun disco de origen, sin cruzar con la BD; buscar en el desplegable del formulario por si ya existe con otro nombre";;;E_homonima_otro_autor;https://discografiasdemarchasprocesionales.com/discos/3696/;
M240;Jesús, el nazareno;;AM;;Lora del Rio;;Hdad.de Ntro.Padre Jesús Nazareno;233;Fernández Suárez, Esteban (id 609, ya en BD);"(AM)Santísimo Cristo de la Bondad (Alcalá de Guadaíra) - candidata segun disco de origen, sin cruzar con la BD; buscar en el desplegable del formulario por si ya existe con otro nombre";;;B_titulo_parecido_otro_autor;https://discografiasdemarchasprocesionales.com/discos/3744/;
M244;Al dios de la caridad;;AM;;Álcala de Guadaíra;;Hdad.de Ntro.Padre Jesús del Soberano Poder;306;Fernández Suárez, Esteban (id 609, ya en BD);"(AM)Santísimo Cristo de la Bondad (Alcalá de Guadaíra) - candidata segun disco de origen, sin cruzar con la BD; buscar en el desplegable del formulario por si ya existe con otro nombre";;;B_titulo_parecido_otro_autor;https://discografiasdemarchasprocesionales.com/discos/3744/;
M247;Salud;;AM;;;;;;Puelles Cervantes, Carlos (id 352, ya en BD);"(AM)Santísimo Cristo de la Bondad (Alcalá de Guadaíra) - candidata segun disco de origen, sin cruzar con la BD; buscar en el desplegable del formulario por si ya existe con otro nombre";;;E_homonima_otro_autor;https://discografiasdemarchasprocesionales.com/discos/3744/;
M255;Resurrección;;CCTT;;;;;;Yelo Fernández, Joaquín (id 1054, ya en BD);(CT)El Cigarralejo (Mula) (banda nueva, pendiente de alta - ref B14);;;E_homonima_otro_autor;https://discografiasdemarchasprocesionales.com/discos/3837/;
M256;Vida;;CCTT;;;;;;Yelo Fernández, Joaquín (id 1054, ya en BD);(CT)El Cigarralejo (Mula) (banda nueva, pendiente de alta - ref B14);;;E_homonima_otro_autor;https://discografiasdemarchasprocesionales.com/discos/3837/;
M258;Camino a la gloria;;CCTT;;;;;185;Turienzo Robles, Nicolás (id 259, ya en BD);"(CT)Stmo.Cristo de la Buena Muerte (Palencia) - candidata segun disco de origen, sin cruzar con la BD; buscar en el desplegable del formulario por si ya existe con otro nombre";;;E_homonima_otro_autor;https://discografiasdemarchasprocesionales.com/discos/3891/;
M261;Mi ángel de la guarda;;AM;;;;;225;Montero Moreno, José Luis (autor nuevo, sin alta todavía);"(AM)Virgen de Gracia (Villareal) - candidata segun disco de origen, sin cruzar con la BD; buscar en el desplegable del formulario por si ya existe con otro nombre";;;B_titulo_parecido_otro_autor;https://discografiasdemarchasprocesionales.com/discos/3926/;
M264;El descendimiento;;CCTT;;Guadix;;Descendimiento de Nuestro Señor;255;Guerrero Marín, Manuel Jesús (id 32, ya en BD);"(CT)Nuestro Padre Jesús Despojado de sus Vestiduras (Granada) - candidata segun disco de origen, sin cruzar con la BD; buscar en el desplegable del formulario por si ya existe con otro nombre";;;E_homonima_otro_autor;https://discografiasdemarchasprocesionales.com/discos/3947/;
M276;Madre de tu amargura;;AM;;Peñarroya-Pueblonuevo;;Ntra.Sra.de la Amargura;207;Lora Vaquero, Jesús (id 109, ya en BD);(AM)Nuestra Señora de la Amargura (Peñarroya-Pueblonuevo) (banda nueva, pendiente de alta - ref B15);;;B_titulo_parecido_otro_autor;https://discografiasdemarchasprocesionales.com/discos/4070/;
M279;A ti señora;;CCTT;;;;;248;Desconocido (autor nuevo, sin alta todavía);"(CT)Stmo.Cristo de la Sed (Sevilla) - candidata segun disco de origen, sin cruzar con la BD; buscar en el desplegable del formulario por si ya existe con otro nombre";;;E_homonima_otro_autor;https://discografiasdemarchasprocesionales.com/discos/4076/;
M284;El perdón de dios;;AM;;;;;;Sánchez Molero, José Manuel (id 76, ya en BD);(AM)Santísimo Cristo del Calvario (Castellar) (banda nueva, pendiente de alta - ref B17);;;E_homonima_otro_autor;https://discografiasdemarchasprocesionales.com/discos/4125/;
M290;Eres de todos;;AM;;;;;234;Bedmar Encinas, Luis (autor nuevo, sin alta todavía);AM Virgen de los Reyes (id 6, ya en BD) [origen: (AM)Nuestra Señora de los Reyes (Sevilla)];;;E_homonima_otro_autor;https://discografiasdemarchasprocesionales.com/discos/4177/;
M292;A mi humilde padre;;AM;;Cádiz;;Hdad.del Stmo.Cristo de la Humildad y Paciencia;366;None (autor nuevo, sin alta todavía);"(AM)Hermanos Cirineos (Cádiz) - candidata segun disco de origen, sin cruzar con la BD; buscar en el desplegable del formulario por si ya existe con otro nombre";;;E_homonima_otro_autor;https://discografiasdemarchasprocesionales.com/discos/4284/;
M295;Mi ángel de la madrugá;;AM;;;;;297;Cebrero Arias, Francisco Javier (id 596, ya en BD);"(AM)Nuestro Padre Jesús de la Salud (Sevilla) - candidata segun disco de origen, sin cruzar con la BD; buscar en el desplegable del formulario por si ya existe con otro nombre";;;D_mismo_autor_titulo_parecido;https://discografiasdemarchasprocesionales.com/discos/4321/;
M296;Himno a ntra.sra.de los linarejos;;AM;;Linares;;Ntra.Sra.de los Linarejos Coronada;221;Moreno Pozo, Antonio (id 14, ya en BD);"(AM)María Santísima de los Dolores (Linares) - candidata segun disco de origen, sin cruzar con la BD; buscar en el desplegable del formulario por si ya existe con otro nombre";;;B_titulo_parecido_otro_autor;https://discografiasdemarchasprocesionales.com/discos/4333/;
M299;Proditus in lancobe;;AM;;Sevilla;;Ntro.Padre Jesús de la Redención;288;Moreno Rodríguez, Alejandro (id 87, ya en BD);"(AM)Paz y Caridad (Estepa) - candidata segun disco de origen, sin cruzar con la BD; buscar en el desplegable del formulario por si ya existe con otro nombre";;;D_mismo_autor_titulo_parecido;https://discografiasdemarchasprocesionales.com/discos/4364/;
M301;Cristo que vuelve;;AM;;;;;200;Frederich Haëndell, George (autor nuevo, sin alta todavía);"(AM)Nuestra Señora de la Estrella (Dos Hermanas) - candidata segun disco de origen, sin cruzar con la BD; buscar en el desplegable del formulario por si ya existe con otro nombre";;;E_homonima_otro_autor;https://discografiasdemarchasprocesionales.com/discos/4386/;
M303;Reflejo de nuestras almas;;AM;;;;;215;Sánchez Crespillo, José Manuel (id 689, ya en BD);"(AM)Nuestro Padre Jesús Nazareno de la Fuensanta (Morón de la frontera) - candidata segun disco de origen, sin cruzar con la BD; buscar en el desplegable del formulario por si ya existe con otro nombre";;;B_titulo_parecido_otro_autor;https://discografiasdemarchasprocesionales.com/discos/4402/;
M306;Cautivo de tu mirada;;AM;;Dos Hermanas;;Ntro.Padre Jesús Cautivo;237;Sánchez Crespillo, José Manuel (id 689, ya en BD);"(AM)Nuestro Padre Jesús Nazareno de la Fuensanta (Morón de la frontera) - candidata segun disco de origen, sin cruzar con la BD; buscar en el desplegable del formulario por si ya existe con otro nombre";;;B_titulo_parecido_otro_autor;https://discografiasdemarchasprocesionales.com/discos/4402/;
M307;Mayor dolor en tu calvario;;AM;;Morón de la fra;;Stmo.Cristo del Calvario y a Ntra.Sra.del Mayor Dolor;224;Salguero Montero, Carlos Alberto (autor nuevo, sin alta todavía);"(AM)Nuestro Padre Jesús Nazareno de la Fuensanta (Morón de la frontera) - candidata segun disco de origen, sin cruzar con la BD; buscar en el desplegable del formulario por si ya existe con otro nombre";;;E_homonima_otro_autor;https://discografiasdemarchasprocesionales.com/discos/4402/;
M312;La resurrección;;AM;;;;;;Sánchez Martín, José María (id 24, ya en BD);(AM)Resurrección (Sierra de Yegua) (banda nueva, pendiente de alta - ref B18);;;E_homonima_otro_autor;https://discografiasdemarchasprocesionales.com/discos/4428/;
M315;Lágrimas;;AM;;;;;;Sánchez Martín, José María (id 24, ya en BD);(AM)Resurrección (Sierra de Yegua) (banda nueva, pendiente de alta - ref B18);;;E_homonima_otro_autor;https://discografiasdemarchasprocesionales.com/discos/4428/;
M318;Costalero de la salud;;AM;;Alcalá la Real;;Hnos. Artesano del Costal y la Trabajadera de la Hdad.del Stmo.Cristo de la Salud;194;Sánchez Crespillo, José Manuel (id 689, ya en BD);"(AM)Santísimo Cristo de la Salud (Alcalá la Real) - candidata segun disco de origen, sin cruzar con la BD; buscar en el desplegable del formulario por si ya existe con otro nombre";;;E_homonima_otro_autor;https://discografiasdemarchasprocesionales.com/discos/4439/;
M321;He aqui el hombre;;AM;;;;;;Sánchez Martín, José María (id 24, ya en BD);"(AM)Santísimo Cristo de la Salud (Alcalá la Real) - candidata segun disco de origen, sin cruzar con la BD; buscar en el desplegable del formulario por si ya existe con otro nombre";;;E_homonima_otro_autor;https://discografiasdemarchasprocesionales.com/discos/4439/;
M324;Madre ¡he aquí tu hijo!;;AM;;;;;239;Villén Rincón, Rafael (id 114, ya en BD);"(AM)Sagrada Cena (Cádiz) - candidata segun disco de origen, sin cruzar con la BD; buscar en el desplegable del formulario por si ya existe con otro nombre";;;B_titulo_parecido_otro_autor;https://discografiasdemarchasprocesionales.com/discos/4459/;
M327;Salud y esperanza;;AM;;;;;252;Álvarez Barroso, Francisco David (id 20, ya en BD);"(AM)Sagrada Cena (Cádiz) - candidata segun disco de origen, sin cruzar con la BD; buscar en el desplegable del formulario por si ya existe con otro nombre";;;E_homonima_otro_autor;https://discografiasdemarchasprocesionales.com/discos/4459/;
M328;Al señor de la madrugá;;AM;;;;;274;Muñoz Serna, Emilio (id 22, ya en BD);"(AM)Sagrada Cena (Cádiz) - candidata segun disco de origen, sin cruzar con la BD; buscar en el desplegable del formulario por si ya existe con otro nombre";;;B_titulo_parecido_otro_autor;https://discografiasdemarchasprocesionales.com/discos/4459/;
M331;Rosario;;AM;;;;;;Candela Gaspar, Alberto (autor nuevo, sin alta todavía);(AM)La Oración del Huerto (Yecla) (banda nueva, pendiente de alta - ref B19);;;E_homonima_otro_autor;https://discografiasdemarchasprocesionales.com/discos/4529/;
M332;Esperanza en tu mirada;;AM;;;;;261;Candela Gaspar, Alberto (autor nuevo, sin alta todavía);(AM)La Oración del Huerto (Yecla) (banda nueva, pendiente de alta - ref B19);;;E_homonima_otro_autor;https://discografiasdemarchasprocesionales.com/discos/4529/;
M336;A ti...maestro;;AM;;;;;310;Trujillo Ruiz, Raúl Salvador (id 1134, ya en BD);(AM)Maestro Manuel Pozo Lifona (Almodovar del Rio) (banda nueva, pendiente de alta - ref B20);;;E_homonima_otro_autor;https://discografiasdemarchasprocesionales.com/discos/4540/;
M339;Siguiendo tu cruz;;AM;;;;;254;López Márquez, José Manuel (id 1229, ya en BD);(AM)Maestro Manuel Pozo Lifona (Almodovar del Rio) (banda nueva, pendiente de alta - ref B20);;;B_titulo_parecido_otro_autor;https://discografiasdemarchasprocesionales.com/discos/4540/;
M344;15 Años de esperanza;;AM;;;;;241;Soto Escaño, Carlos Alberto (id 655, ya en BD);(AM)Nuestra Señora de la Esperanza (Palma de Mallorca) (banda nueva, pendiente de alta - ref B21);;;E_homonima_otro_autor;https://discografiasdemarchasprocesionales.com/discos/4572/;
M345;Sueños;;AM;;;;;221;Cuenca Vallejo, Francisco Miguel (autor nuevo, sin alta todavía);(AM)Nuestra Señora de la Esperanza (Palma de Mallorca) (banda nueva, pendiente de alta - ref B21);;;E_homonima_otro_autor;https://discografiasdemarchasprocesionales.com/discos/4572/;
M347;Y en tus manos, mi esperanza;;AM;;;;;204;SIN AUTOR IDENTIFICADO - investigar manualmente;(AM)Nuestra Señora de la Esperanza (Palma de Mallorca) (banda nueva, pendiente de alta - ref B21);;;V_autor_generico_origen;https://discografiasdemarchasprocesionales.com/discos/4572/;
M348;Vida;;AM;;;;;;Soto Escaño, Carlos Alberto (id 655, ya en BD);(AM)Nuestra Señora de la Esperanza (Palma de Mallorca) (banda nueva, pendiente de alta - ref B21);;;E_homonima_otro_autor;https://discografiasdemarchasprocesionales.com/discos/4572/;
M357;En cuerpo y alma;;AM;;;;;;Sánchez Molero, José Manuel (id 76, ya en BD);"(AM)Cristo de la Buena Muerte (Ayamonte) - candidata segun disco de origen, sin cruzar con la BD; buscar en el desplegable del formulario por si ya existe con otro nombre";;;E_homonima_otro_autor;https://discografiasdemarchasprocesionales.com/discos/4656/;
M361;Stabat mater dolorosa;;AM;;;;;;Frosini Fedi, Marco (autor nuevo, sin alta todavía);"(AM)Cristo de la Buena Muerte (Ayamonte) - candidata segun disco de origen, sin cruzar con la BD; buscar en el desplegable del formulario por si ya existe con otro nombre";;;E_homonima_otro_autor;https://discografiasdemarchasprocesionales.com/discos/4656/;
M367;Silencio en la madrugá;;AM;;;;;;Melgarejo Toscano, Rubén (id 68, ya en BD);"(AM)Santa Cecilia (Aguilar de la fra) - candidata segun disco de origen, sin cruzar con la BD; buscar en el desplegable del formulario por si ya existe con otro nombre";;;B_titulo_parecido_otro_autor;https://discografiasdemarchasprocesionales.com/discos/4780/;
M368;Camino del calvario;;AM;;;;;;Melgarejo Toscano, Rubén (id 68, ya en BD);"(AM)Santa Cecilia (Aguilar de la fra) - candidata segun disco de origen, sin cruzar con la BD; buscar en el desplegable del formulario por si ya existe con otro nombre";;;E_homonima_otro_autor;https://discografiasdemarchasprocesionales.com/discos/4780/;
M375;A ti me encomiendo;;AM;;Aguilar de la fra;;Ntro.Padre Jesús Nazareno;272;Melgarejo Toscano, Rubén (id 68, ya en BD);"(AM)Santa Cecilia (Aguilar de la fra) - candidata segun disco de origen, sin cruzar con la BD; buscar en el desplegable del formulario por si ya existe con otro nombre";;;E_homonima_otro_autor;https://discografiasdemarchasprocesionales.com/discos/4780/;
M378;Rosario;;CCTT;;;;;;Guerrero Marín, Manuel Jesús (id 32, ya en BD);"(CT)Ntra.Sra.del Rosario (Arriate) - candidata segun disco de origen, sin cruzar con la BD; buscar en el desplegable del formulario por si ya existe con otro nombre";;;E_homonima_otro_autor;https://discografiasdemarchasprocesionales.com/discos/4794/;
M381;A los pies del maestro;;AM;;;;;240;Ortiz Morón, Francisco José (id 17, ya en BD);"(AM)Santa Marta y Sagrada Cena (León) - candidata segun disco de origen, sin cruzar con la BD; buscar en el desplegable del formulario por si ya existe con otro nombre";;;E_homonima_otro_autor;https://discografiasdemarchasprocesionales.com/discos/4837/;
M393;En brazos de dios;;CCTT;;;;;;Amador Infantes, Manuel (id 29, ya en BD);"(CT)Amor de Cristo y San Sebastián (San Juan de Aznalfarache y Tomares) - candidata segun disco de origen, sin cruzar con la BD; buscar en el desplegable del formulario por si ya existe con otro nombre";;;E_homonima_otro_autor;https://discografiasdemarchasprocesionales.com/discos/4905/;
M397;Orando al padre;;CCTT;;;;;;Amador Infantes, Manuel (id 29, ya en BD);"(CT)Amor de Cristo y San Sebastián (San Juan de Aznalfarache y Tomares) - candidata segun disco de origen, sin cruzar con la BD; buscar en el desplegable del formulario por si ya existe con otro nombre";;;E_homonima_otro_autor;https://discografiasdemarchasprocesionales.com/discos/4905/;
M405;Aniversario nazareno;;AM;;;;;;Muñoz Serna, Emilio (id 22, ya en BD);"(AM)Paz y Caridad (Estepa) - candidata segun disco de origen, sin cruzar con la BD; buscar en el desplegable del formulario por si ya existe con otro nombre";;;E_homonima_otro_autor;https://discografiasdemarchasprocesionales.com/discos/4929/;
M406;Consummatum est;;AM;;;;;241;Blanco Díaz, José Manuel (id 282, ya en BD);"(AM)Paz y Caridad (Estepa) - candidata segun disco de origen, sin cruzar con la BD; buscar en el desplegable del formulario por si ya existe con otro nombre";;;E_homonima_otro_autor;https://discografiasdemarchasprocesionales.com/discos/4929/;
M413;Trinidad;;AM;;;;;;Muñoz Serna, Emilio (id 22, ya en BD);"(AM)Muchachos de Consolación (Utrera) - candidata segun disco de origen, sin cruzar con la BD; buscar en el desplegable del formulario por si ya existe con otro nombre";;;E_homonima_otro_autor;https://discografiasdemarchasprocesionales.com/discos/4971/;
M416;El perdón de dios;;AM;;;;;;Muñoz Serna, Emilio (id 22, ya en BD);"(AM)Muchachos de Consolación (Utrera) - candidata segun disco de origen, sin cruzar con la BD; buscar en el desplegable del formulario por si ya existe con otro nombre";;;E_homonima_otro_autor;https://discografiasdemarchasprocesionales.com/discos/4971/;
M418;De mi corazón al cielo;;AM;;;;;221;Muñoz Serna, Emilio (id 22, ya en BD);"(AM)Muchachos de Consolación (Utrera) - candidata segun disco de origen, sin cruzar con la BD; buscar en el desplegable del formulario por si ya existe con otro nombre";;;B_titulo_parecido_otro_autor;https://discografiasdemarchasprocesionales.com/discos/4971/;
M419;Trinidad;;CCTT;;;;;;Amores Olivares, Juan Gabriel (id 1052, ya en BD);(CT)Ntro.Padre Jesús Rescatado (Villanueva de los Infantes) (banda nueva, pendiente de alta - ref B23);;;E_homonima_otro_autor;https://discografiasdemarchasprocesionales.com/discos/4983/;
M425;Lignum crucis;;CCTT;;;;;;González Cruz, Manuel Alejandro (id 28, ya en BD);(CT)Ntro.Padre Jesús Rescatado (Villanueva de los Infantes) (banda nueva, pendiente de alta - ref B23);;;E_homonima_otro_autor;https://discografiasdemarchasprocesionales.com/discos/4983/;
M427;Al señor de la vera cruz;2018;CCTT;;Villanueva de los Infantes;;Ntro.Padre Jesús Rescatado de la Cofradia de la Stma.Vera Cruz;199;Martín-Consuegra Céspedes, Juan Carlos (id 604, ya en BD);(CT)Ntro.Padre Jesús Rescatado (Villanueva de los Infantes) (banda nueva, pendiente de alta - ref B23);;;B_titulo_parecido_otro_autor;https://discografiasdemarchasprocesionales.com/discos/4983/;
M430;Eh aquí tu hijo;;AM;;Torrecera;;Ntro.Padre Jesús Prendimiento;251;Carmona Suarez, Juan Manuel (id 256, ya en BD);(AM)Cristo de la Buena Muerte (Paterna de Ribera) (banda nueva, pendiente de alta - ref B24);;;B_titulo_parecido_otro_autor;https://discografiasdemarchasprocesionales.com/discos/5003/;
M433;Misericordia señor;;AM;;;;;;Carmona Suarez, Juan Manuel (id 256, ya en BD);(AM)Cristo de la Buena Muerte (Paterna de Ribera) (banda nueva, pendiente de alta - ref B24);;;E_homonima_otro_autor;https://discografiasdemarchasprocesionales.com/discos/5003/;
M434;La traición;;AM;;;;;;Moreno Rodríguez, Alejandro (id 87, ya en BD);(AM)Cristo de la Buena Muerte (Paterna de Ribera) (banda nueva, pendiente de alta - ref B24);;;E_homonima_otro_autor;https://discografiasdemarchasprocesionales.com/discos/5003/;
M446;Señor de la salud;;AM;;;;;187;Diéguez García, Jesús (id 1015, ya en BD);(AM)San Lucas Evangelista (Coria del Rio) (banda nueva, pendiente de alta - ref B25);;;B_titulo_parecido_otro_autor;https://discografiasdemarchasprocesionales.com/discos/5040/;
M450;Lacrimosa;;CCTT;;;;;;Águila Ordóñez, Jorge (id 39, ya en BD);"(CT)Stmo.Cristo del Mar (Vélez-Málaga) - candidata segun disco de origen, sin cruzar con la BD; buscar en el desplegable del formulario por si ya existe con otro nombre";;;E_homonima_otro_autor;https://discografiasdemarchasprocesionales.com/discos/5047/;
M451;El legado;;CCTT;;;;;257;González Cruz, Manuel Alejandro (id 28, ya en BD);"(CT)Stmo.Cristo del Mar (Vélez-Málaga) - candidata segun disco de origen, sin cruzar con la BD; buscar en el desplegable del formulario por si ya existe con otro nombre";;;E_homonima_otro_autor;https://discografiasdemarchasprocesionales.com/discos/5047/;
M458;Noli me tangere;;AM;;;;;236;Del Castillo Matías, José Domingo (id 55, ya en BD);"(AM)San Lorenzo Mártir (Málaga) - candidata segun disco de origen, sin cruzar con la BD; buscar en el desplegable del formulario por si ya existe con otro nombre";;;E_homonima_otro_autor;https://discografiasdemarchasprocesionales.com/discos/5073/;
M468;A mi nazareno;;CCTT;;;;;174;Anaya Hidalgo, José Javier (id 651, ya en BD);(CT)Ntro.Padre Jesús Nazareno (Alhaurín de la Torre) (banda nueva, pendiente de alta - ref B26);;;B_titulo_parecido_otro_autor;https://discografiasdemarchasprocesionales.com/discos/5086/;
M469;A ti madre;;CCTT;;;;;;Anaya Hidalgo, José Javier (id 651, ya en BD);(CT)Ntro.Padre Jesús Nazareno (Alhaurín de la Torre) (banda nueva, pendiente de alta - ref B26);;;E_homonima_otro_autor;https://discografiasdemarchasprocesionales.com/discos/5086/;
M470;Sentenciado;;CCTT;;;;;;López García, José (id 494, ya en BD);(CT)Ntro.Padre Jesús Nazareno (Alhaurín de la Torre) (banda nueva, pendiente de alta - ref B26);;;E_homonima_otro_autor;https://discografiasdemarchasprocesionales.com/discos/5086/;
M471;En tu memoria;;CCTT;;;;;;Fargas Gavira, Alejandro (id 736, ya en BD);(CT)Ntro.Padre Jesús Nazareno (Alhaurín de la Torre) (banda nueva, pendiente de alta - ref B26);;;E_homonima_otro_autor;https://discografiasdemarchasprocesionales.com/discos/5086/;
M472;X años de pasión;;CCTT;;;;;215;Fortis Pérez, José Ignacio (id 649, ya en BD);(CT)Ntro.Padre Jesús Nazareno (Alhaurín de la Torre) (banda nueva, pendiente de alta - ref B26);;;B_titulo_parecido_otro_autor;https://discografiasdemarchasprocesionales.com/discos/5086/;
M475;Ansiosa de verte;;AM;;;;Santa Teresa de Jesús;208;Vederti Danzare, Voglio (autor nuevo, sin alta todavía);"(AM)Santo Tomás de Villanueva (Ciudad Real) - candidata segun disco de origen, sin cruzar con la BD; buscar en el desplegable del formulario por si ya existe con otro nombre";;;E_homonima_otro_autor;https://discografiasdemarchasprocesionales.com/discos/5107/;
M477;Jesús en su flagelación;;CCTT;;La Linea de la Concepción;;Hdad.de la Flagelación;175;Moreno Rodríguez, Alejandro (id 87, ya en BD);"(CT)Ntra.Sra.de los Ángeles (Sevilla) - candidata segun disco de origen, sin cruzar con la BD; buscar en el desplegable del formulario por si ya existe con otro nombre";;;E_homonima_otro_autor;https://discografiasdemarchasprocesionales.com/discos/5126/;
M483;Esperanza en tu oración;;AM;;;;Cofradia de Ntro. Padre Jesús en la Oración en el Huerto de los Olivos y María Stma.de la Esperanza;240;Sánchez Crespillo, José Manuel (id 689, ya en BD);"(AM)Nuestra Señora de las Angustias (Alcalá la Real) - candidata segun disco de origen, sin cruzar con la BD; buscar en el desplegable del formulario por si ya existe con otro nombre";;;E_homonima_otro_autor;https://discografiasdemarchasprocesionales.com/discos/5142/;
M484;La humillación;;AM;;;;Hdad.del Señor de la Humildad y María Stma.de los Dolores;268;Larrinaga Soler, Sergio (id 36, ya en BD);"(AM)Nuestra Señora de las Angustias (Alcalá la Real) - candidata segun disco de origen, sin cruzar con la BD; buscar en el desplegable del formulario por si ya existe con otro nombre";;;E_homonima_otro_autor;https://discografiasdemarchasprocesionales.com/discos/5142/;
M493;Al amanecer;;CCTT;;;;;;López Carrión, Antonio Manuel (id 106, ya en BD);(CT)Sones de Pasión (Cáceres) (banda nueva, pendiente de alta - ref B27);;;E_homonima_otro_autor;https://discografiasdemarchasprocesionales.com/discos/5156/;
M499;El reino de hins-ashar;;AM;;;;;245;Zambruno Álvarez, José Antonio (id 1113, ya en BD);"(AM)SPQR Los Romanos (Iznájar) - candidata segun disco de origen, sin cruzar con la BD; buscar en el desplegable del formulario por si ya existe con otro nombre";;;D_mismo_autor_titulo_parecido;https://discografiasdemarchasprocesionales.com/discos/5173/;
M500;El evangelio;;AM;;;;;241;Cebrero Arias, Francisco Javier (id 596, ya en BD);"(AM)SPQR Los Romanos (Iznájar) - candidata segun disco de origen, sin cruzar con la BD; buscar en el desplegable del formulario por si ya existe con otro nombre";;;E_homonima_otro_autor;https://discografiasdemarchasprocesionales.com/discos/5173/;
M503;El amor de tus lágrimas;;AM;;;;;275;Amador Infantes, Manuel (id 29, ya en BD);AM Lágrimas de Dolores (id 69, ya en BD) [origen: (AM)Lágrimas de Dolores (San Fernando)];;;E_homonima_otro_autor;https://discografiasdemarchasprocesionales.com/discos/5203/;
M507;La traición;;AM;;;;;;Cebrero Miranda, Ángel Manuel (id 78, ya en BD);"(AM)Sagrada Resurrección (Sanlúcar de Barrameda) - candidata segun disco de origen, sin cruzar con la BD; buscar en el desplegable del formulario por si ya existe con otro nombre";;;E_homonima_otro_autor;https://discografiasdemarchasprocesionales.com/discos/5245/;
M508;La palabra de dios;;AM;;;;;;Fargas Gavira, Alejandro (id 736, ya en BD);"(AM)Sagrada Resurrección (Sanlúcar de Barrameda) - candidata segun disco de origen, sin cruzar con la BD; buscar en el desplegable del formulario por si ya existe con otro nombre";;;E_homonima_otro_autor;https://discografiasdemarchasprocesionales.com/discos/5245/;
M511;Eterno;;AM;;;;;214;Roldán Roldán, Manuel (id 57, ya en BD);(AM)La Santa Cruz (Benameji) (banda nueva, pendiente de alta - ref B29);;;E_homonima_otro_autor;https://discografiasdemarchasprocesionales.com/discos/5340/;
M514;Santa cruz;;AM;;;;;;Larrinaga Soler, Sergio (id 36, ya en BD);(AM)La Santa Cruz (Benameji) (banda nueva, pendiente de alta - ref B29);;;E_homonima_otro_autor;https://discografiasdemarchasprocesionales.com/discos/5340/;
M518;¡Venid a mi!;;AM;;El Puerto de Santa María;;Hdad.de la Borriquita;238;Torres Muñoz, Esteban (id 280, ya en BD);"(AM)San Juan (Jerez de la fra) - candidata segun disco de origen, sin cruzar con la BD; buscar en el desplegable del formulario por si ya existe con otro nombre";;;E_homonima_otro_autor;https://discografiasdemarchasprocesionales.com/discos/5355/;
M526;Por ti, cautivo;;AM;;Jerez de la fra;;Hdad.del Amor;236;Ortega León, José Manuel (id 5, ya en BD);"(AM)San Juan (Jerez de la fra) - candidata segun disco de origen, sin cruzar con la BD; buscar en el desplegable del formulario por si ya existe con otro nombre";;;B_titulo_parecido_otro_autor;https://discografiasdemarchasprocesionales.com/discos/5355/;
M527;El cristo;;AM;;Jerez de la fra;;Hdad.del Cristo;248;Sánchez Molero, José Manuel (id 76, ya en BD);"(AM)San Juan (Jerez de la fra) - candidata segun disco de origen, sin cruzar con la BD; buscar en el desplegable del formulario por si ya existe con otro nombre";;;E_homonima_otro_autor;https://discografiasdemarchasprocesionales.com/discos/5355/;
M531;Padre nuestro;;AM;;;;;;Jiménez, Carmen (autor nuevo, sin alta todavía);"(AM)María Santísima de la Encarnación (Osuna) - candidata segun disco de origen, sin cruzar con la BD; buscar en el desplegable del formulario por si ya existe con otro nombre";;;E_homonima_otro_autor;https://discografiasdemarchasprocesionales.com/discos/5380/;
M538;Alabado;;AM;;;;;149;Adolf Merkel, Gustav (autor nuevo, sin alta todavía);"(AM)Santa Marta (La Algaba) - candidata segun disco de origen, sin cruzar con la BD; buscar en el desplegable del formulario por si ya existe con otro nombre";;;E_homonima_otro_autor;https://discografiasdemarchasprocesionales.com/discos/5482/;
M545;Luna de esperanza;;CCTT;;;;Virgen de la Luna Patrona de Pozoblanco;225;García Pérez, Ignacio José (id 110, ya en BD);"(CT)Sayones de Ntro.Padre Jesús Nazareno (Pozoblanco) - candidata segun disco de origen, sin cruzar con la BD; buscar en el desplegable del formulario por si ya existe con otro nombre";;;B_titulo_parecido_otro_autor;https://discografiasdemarchasprocesionales.com/discos/5526/;
M551;Cristo de la sangre;;AM;;;;;;Mena Hervás, José Manuel (id 38, ya en BD);"(AM)Nuestra Señora de Valme (Dos Hermanas) - candidata segun disco de origen, sin cruzar con la BD; buscar en el desplegable del formulario por si ya existe con otro nombre";;;E_homonima_otro_autor;https://discografiasdemarchasprocesionales.com/discos/5565/;
M555;Stabat mater lacrimosa;;AM;;;;;;Mena Hervás, José Manuel (id 38, ya en BD);"(AM)Nuestra Señora de Valme (Dos Hermanas) - candidata segun disco de origen, sin cruzar con la BD; buscar en el desplegable del formulario por si ya existe con otro nombre";;;E_homonima_otro_autor;https://discografiasdemarchasprocesionales.com/discos/5565/;
M559;Plegaria gitana;;AM;;Jaén;;Cuadrilla de Costaleros de la Hdad.de la Amargura;206;Sánchez Crespillo, José Manuel (id 689, ya en BD);"(AM)Nuestro Padre Jesús Despojado (Jaén) - candidata segun disco de origen, sin cruzar con la BD; buscar en el desplegable del formulario por si ya existe con otro nombre";;;E_homonima_otro_autor;https://discografiasdemarchasprocesionales.com/discos/5629/;
M561;El padre;;AM;;Jaén;;Ntro.Padre Jesús Despojado;259;Sánchez Martín, José María (id 24, ya en BD);"(AM)Nuestro Padre Jesús Despojado (Jaén) - candidata segun disco de origen, sin cruzar con la BD; buscar en el desplegable del formulario por si ya existe con otro nombre";;;E_homonima_otro_autor;https://discografiasdemarchasprocesionales.com/discos/5629/;
M564;En el reino de los cielos;;AM;;;;Todos los Musicos que elevaron sus Almas al Cielo para formar la Divinidad Musical;207;García Pérez, Ignacio José (id 110, ya en BD);(AM)Nuestra Señora de los Remedios (Chiclana de la fra) (banda nueva, pendiente de alta - ref B30);;;E_homonima_otro_autor;https://discografiasdemarchasprocesionales.com/discos/5653/;
M565;Orando junto a ti;;AM;;;;;;Moreno Rodríguez, Alejandro (id 87, ya en BD);(AM)Nuestra Señora de los Remedios (Chiclana de la fra) (banda nueva, pendiente de alta - ref B30);;;E_homonima_otro_autor;https://discografiasdemarchasprocesionales.com/discos/5653/;
M566;El profeta;;AM;;Chiclana;;San Juan Bauista;285;Guerrero Marín, Manuel Jesús (id 32, ya en BD);(AM)Nuestra Señora de los Remedios (Chiclana de la fra) (banda nueva, pendiente de alta - ref B30);;;E_homonima_otro_autor;https://discografiasdemarchasprocesionales.com/discos/5653/;
M568;Renacimiento;;AM;;;;;;Sánchez Crespillo, José Manuel (id 689, ya en BD);(AM)Nuestra Señora de los Remedios (Chiclana de la fra) (banda nueva, pendiente de alta - ref B30);;;E_homonima_otro_autor;https://discografiasdemarchasprocesionales.com/discos/5653/;
M569;La promesa;;AM;;;;;;Sánchez Crespillo, José Manuel (id 689, ya en BD);(AM)Nuestra Señora de los Remedios (Chiclana de la fra) (banda nueva, pendiente de alta - ref B30);;;E_homonima_otro_autor;https://discografiasdemarchasprocesionales.com/discos/5653/;
M570;Salud;;AM;;;;;;Fernández Carranza, Juan Manuel (id 27, ya en BD);(AM)Nuestra Señora de la Salud (Castro del Rio) (banda nueva, pendiente de alta - ref B31);;;E_homonima_otro_autor;https://discografiasdemarchasprocesionales.com/discos/5662/;
M575;El camino de la luz;;AM;;Castro del Rio;;Ntro.Padre Jesús Resucitado;216;Bello Romero, Javier (autor nuevo, sin alta todavía);(AM)Nuestra Señora de la Salud (Castro del Rio) (banda nueva, pendiente de alta - ref B31);;;B_titulo_parecido_otro_autor;https://discografiasdemarchasprocesionales.com/discos/5662/;
M577;La salvación;;AM;;Vélez-Málaga;;Ntro.Padre Jesús de la Sentencia;168;Fernández Carranza, Juan Manuel (id 27, ya en BD);(AM)Nuestra Señora de la Salud (Castro del Rio) (banda nueva, pendiente de alta - ref B31);;;E_homonima_otro_autor;https://discografiasdemarchasprocesionales.com/discos/5662/;
M584;Gran poder;;AM;;;;;;Moreno Rodríguez, Alejandro (id 87, ya en BD);(AM)Vera Cruz y Caridad (Brenes) (banda nueva, pendiente de alta - ref B32);;;E_homonima_otro_autor;https://discografiasdemarchasprocesionales.com/discos/5674/;
M585;El dolor de una madre;;AM;;;;;;Moreno Rodríguez, Alejandro (id 87, ya en BD);(AM)Vera Cruz y Caridad (Brenes) (banda nueva, pendiente de alta - ref B32);;;E_homonima_otro_autor;https://discografiasdemarchasprocesionales.com/discos/5674/;
M588;Al señor de la humildad;;AM;;;;;;Álvarez Barroso, Francisco David (id 20, ya en BD);"(AM)Santa Cruz (Huelva) - candidata segun disco de origen, sin cruzar con la BD; buscar en el desplegable del formulario por si ya existe con otro nombre";;;E_homonima_otro_autor;https://discografiasdemarchasprocesionales.com/discos/5831/;
M590;Sentir de pasión;;AM;;Villarrasa;;Ntro.Padre Jesús de la Bondad en su Entrada en Jerusalén;300;Sánchez Molero, José Manuel (id 76, ya en BD);"(AM)Santa Cruz (Huelva) - candidata segun disco de origen, sin cruzar con la BD; buscar en el desplegable del formulario por si ya existe con otro nombre";;;B_titulo_parecido_otro_autor;https://discografiasdemarchasprocesionales.com/discos/5831/;
M591;Amor de dios;;AM;;;;;;Sánchez Molero, José Manuel (id 76, ya en BD);"(AM)Santa Cruz (Huelva) - candidata segun disco de origen, sin cruzar con la BD; buscar en el desplegable del formulario por si ya existe con otro nombre";;;E_homonima_otro_autor;https://discografiasdemarchasprocesionales.com/discos/5831/;
M596;A mi madre del cielo;;AM;;;;;;Sánchez Martín, José María (id 24, ya en BD);"(AM)María Santísima de la Estrella (Granada) - candidata segun disco de origen, sin cruzar con la BD; buscar en el desplegable del formulario por si ya existe con otro nombre";;;E_homonima_otro_autor;https://discografiasdemarchasprocesionales.com/discos/5872/;
M598;Plegaria;;AM;;;;;;Montoya Fernández, Enrique (autor nuevo, sin alta todavía);"(AM)Santísimo Cristo de los Afligidos(Utrera) - candidata segun disco de origen, sin cruzar con la BD; buscar en el desplegable del formulario por si ya existe con otro nombre";;;E_homonima_otro_autor;https://discografiasdemarchasprocesionales.com/discos/5897/;
M600;Santa cruz;;AM;;;;;;Balaguer Coll, Jacinto (autor nuevo, sin alta todavía);"(AM)Santa María Magdalena (Arahal) - candidata segun disco de origen, sin cruzar con la BD; buscar en el desplegable del formulario por si ya existe con otro nombre";;;E_homonima_otro_autor;https://discografiasdemarchasprocesionales.com/discos/5916/;
M603;Gloria eterna;;AM;;;;;320;Frederich Haëndell, George (autor nuevo, sin alta todavía);"(AM)Cristo de la Buena Muerte (Ayamonte) - candidata segun disco de origen, sin cruzar con la BD; buscar en el desplegable del formulario por si ya existe con otro nombre";;;E_homonima_otro_autor;https://discografiasdemarchasprocesionales.com/discos/5930/;
M604;Padre nuestro;;AM;;;;;;Da Rocha Monteiro, Jeronimo (autor nuevo, sin alta todavía);"(AM)Cristo de la Buena Muerte (Ayamonte) - candidata segun disco de origen, sin cruzar con la BD; buscar en el desplegable del formulario por si ya existe con otro nombre";;;E_homonima_otro_autor;https://discografiasdemarchasprocesionales.com/discos/5930/;
M605;Nuestro padre jesús del gran poder;;CCTT;;;;;;Zueco Ramos, Pascual (id 271, ya en BD);"(CT)Stmo.Cristo de las Tres Caídas (Sevilla) - candidata segun disco de origen, sin cruzar con la BD; buscar en el desplegable del formulario por si ya existe con otro nombre";;;E_homonima_otro_autor;https://discografiasdemarchasprocesionales.com/discos/5997/;
M609;Lágrimas de mi amargura;;AM;;Almuñécar;;María Stma.de la Amargura;193;Hedrera Barranco, Rafael (id 1022, ya en BD);"(AM)Nuestra Señora de la Encarnación (Almuñécar) - candidata segun disco de origen, sin cruzar con la BD; buscar en el desplegable del formulario por si ya existe con otro nombre";;;B_titulo_parecido_otro_autor;https://discografiasdemarchasprocesionales.com/discos/6003/;
M615;Piedad y misericordia;;CCTT;;;;;218;Tello Guerrero, Miguel Ángel (autor nuevo, sin alta todavía);"(CT)Nuestra Señora del Sol (Sevilla) - candidata segun disco de origen, sin cruzar con la BD; buscar en el desplegable del formulario por si ya existe con otro nombre";;;E_homonima_otro_autor;https://discografiasdemarchasprocesionales.com/discos/6025/;
M617;En tu mirada;;AM;;;;;221;García Bernárdez, Antonio Miguel (id 6, ya en BD);"(AM)Nuestra Señora de la Estrella (Dos Hermanas) - candidata segun disco de origen, sin cruzar con la BD; buscar en el desplegable del formulario por si ya existe con otro nombre";;;E_homonima_otro_autor;https://discografiasdemarchasprocesionales.com/discos/6040/;
M618;Jesús camina con nosotros;;AM;;;;;;Torres Muñoz, Esteban (id 280, ya en BD);"(AM)Nuestra Señora de la Estrella (Dos Hermanas) - candidata segun disco de origen, sin cruzar con la BD; buscar en el desplegable del formulario por si ya existe con otro nombre";;;E_homonima_otro_autor;https://discografiasdemarchasprocesionales.com/discos/6040/;
M619;Rey de jerusalén;;AM;;;;;;Mena Hervás, José Manuel (id 38, ya en BD);"(AM)Nuestra Señora de la Estrella (Dos Hermanas) - candidata segun disco de origen, sin cruzar con la BD; buscar en el desplegable del formulario por si ya existe con otro nombre";;;E_homonima_otro_autor;https://discografiasdemarchasprocesionales.com/discos/6040/;
M627;Sentencia;;CCTT;;;;;;Serén García, Francisco Jesús (id 58, ya en BD);"(CT)Ntro.Padre Jesús de la Sentencia (Almuñecar) - candidata segun disco de origen, sin cruzar con la BD; buscar en el desplegable del formulario por si ya existe con otro nombre";;;E_homonima_otro_autor;https://discografiasdemarchasprocesionales.com/discos/6077/;
M631;Jesús;;CCTT;;;;;;Franco Medina, Luis Mariano (id 387, ya en BD);"(CT)Ntro.Padre Jesús de la Sentencia (Almuñecar) - candidata segun disco de origen, sin cruzar con la BD; buscar en el desplegable del formulario por si ya existe con otro nombre";;;E_homonima_otro_autor;https://discografiasdemarchasprocesionales.com/discos/6077/;
M638;Canticorum iubilo;;AM;;;;;159;Frederich Haëndell, George (autor nuevo, sin alta todavía);AM Cristo del Amor (id 53, ya en BD) [origen: (AM)Santísimo Cristo del Amor (Huelva)];;;E_homonima_otro_autor;https://discografiasdemarchasprocesionales.com/discos/6102/;
M640;Cordero de dios;;CCTT;;;;;;Arias Ramiro, Antonio (id 1218, ya en BD);"(CT)Stmo.Cristo de la Expiración (Jaén) - candidata segun disco de origen, sin cruzar con la BD; buscar en el desplegable del formulario por si ya existe con otro nombre";;;E_homonima_otro_autor;https://discografiasdemarchasprocesionales.com/discos/6165/;
M647;La quinta angustia;;CCTT;;;;;;Arias Ramiro, Antonio (id 1218, ya en BD);"(CT)Stmo.Cristo de la Expiración (Jaén) - candidata segun disco de origen, sin cruzar con la BD; buscar en el desplegable del formulario por si ya existe con otro nombre";;;E_homonima_otro_autor;https://discografiasdemarchasprocesionales.com/discos/6165/;
M652;Aniversario nazareno;;AM;;;;;;Herrera Raya, Manuel (id 48, ya en BD);"(AM)Nuestro Padre Jesús Nazareno (La Algaba) - candidata segun disco de origen, sin cruzar con la BD; buscar en el desplegable del formulario por si ya existe con otro nombre";;;E_homonima_otro_autor;https://discografiasdemarchasprocesionales.com/discos/6226/;
M656;Dios padre;;AM;;;;;;Torres Muñoz, Esteban (id 280, ya en BD);(AM)Cristo de las Aguas (Olula del Rio) (banda nueva, pendiente de alta - ref B36);;;E_homonima_otro_autor;https://discografiasdemarchasprocesionales.com/discos/6410/;
M661;Salve marinera;1870;AM;;;;;145;Oudrid Segura, Cristobal (autor nuevo, sin alta todavía);"(AM)Hermanos Cirineos (Cádiz) - candidata segun disco de origen, sin cruzar con la BD; buscar en el desplegable del formulario por si ya existe con otro nombre";;;E_homonima_otro_autor;https://discografiasdemarchasprocesionales.com/discos/6430/;
M667;Xx aniversario;;AM;;Osuna;;A.M.Hermandad de la Vera Cruz;214;Benítez Chía, Jesús (autor nuevo, sin alta todavía);(AM)Hermandad de la Vera Cruz (Osuna) (banda nueva, pendiente de alta - ref B37);;;B_titulo_parecido_otro_autor;https://discografiasdemarchasprocesionales.com/discos/6434/;
M669;Padre eterno;;AM;;;;;;Benítez Chía, Jesús (autor nuevo, sin alta todavía);(AM)Hermandad de la Vera Cruz (Osuna) (banda nueva, pendiente de alta - ref B37);;;E_homonima_otro_autor;https://discografiasdemarchasprocesionales.com/discos/6434/;
M672;Sagrada entrada en jerusalén;;AM;;Osuna;;Hdad.del Dulce Nombre;232;Benítez Chía, Jesús (autor nuevo, sin alta todavía);(AM)Hermandad de la Vera Cruz (Osuna) (banda nueva, pendiente de alta - ref B37);;;E_homonima_otro_autor;https://discografiasdemarchasprocesionales.com/discos/6434/;
M677;Tu palabra me da vida;;AM;;;;;172;Espinosa Zaragoza, Juan Antonio - PROPUESTA DESCARTADA, sin autor resuelto: investigar manualmente;"(AM)Nuestra Señora de las Nieves (Adeje) - candidata segun disco de origen, sin cruzar con la BD; buscar en el desplegable del formulario por si ya existe con otro nombre";;;B_titulo_parecido_otro_autor;https://discografiasdemarchasprocesionales.com/discos/6440/;
M680;Nuestro padre jesús;1935;AM;;Jaén;;Ntro.Padre Jesús Nazareno;340;Cebrián Ruíz, Emilio (autor nuevo, sin alta todavía);"(AM)Santísimo Cristo de la Salud (Alcalá la Real) - candidata segun disco de origen, sin cruzar con la BD; buscar en el desplegable del formulario por si ya existe con otro nombre";;;B_titulo_parecido_otro_autor;https://discografiasdemarchasprocesionales.com/discos/6447/;
M689;María stma.de la paz;;AM;;;;;302;Pizarro Álvarez, Manuel (autor nuevo, sin alta todavía);(AM)Imperio Romano Nuestro Padre Jesús Nazareno (Aguilar de la frontera) (banda nueva, pendiente de alta - ref B39);;;E_homonima_otro_autor;https://discografiasdemarchasprocesionales.com/discos/6459/;
M692;Oración nazarena;;AM;;;;;;Pizarro Álvarez, Manuel (autor nuevo, sin alta todavía);(AM)Imperio Romano Nuestro Padre Jesús Nazareno (Aguilar de la frontera) (banda nueva, pendiente de alta - ref B39);;;E_homonima_otro_autor;https://discografiasdemarchasprocesionales.com/discos/6459/;
M693;Señor de la humildad;;AM;;;;;;Fernández Pericet, Luis Alberto (id 2, ya en BD);(AM)Imperio Romano Nuestro Padre Jesús Nazareno (Aguilar de la frontera) (banda nueva, pendiente de alta - ref B39);;;E_homonima_otro_autor;https://discografiasdemarchasprocesionales.com/discos/6459/;
M697;Nuestro padre jesús nazareno;;AM;;;;;;Anónima (autor nuevo, sin alta todavía);(AM)Imperio Romano Nuestro Padre Jesús Nazareno (Aguilar de la frontera) (banda nueva, pendiente de alta - ref B39);;;E_homonima_otro_autor;https://discografiasdemarchasprocesionales.com/discos/6460/;
M698;Ecce homo;;AM;;;;;;Fernández Pericet, Luis Alberto (id 2, ya en BD);(AM)Imperio Romano Nuestro Padre Jesús Nazareno (Aguilar de la frontera) (banda nueva, pendiente de alta - ref B39);;;E_homonima_otro_autor;https://discografiasdemarchasprocesionales.com/discos/6461/;
M699;Madre de los desamparados;;AM;;;;;;Fernández Pericet, Luis Alberto (id 2, ya en BD);(AM)Imperio Romano Nuestro Padre Jesús Nazareno (Aguilar de la frontera) (banda nueva, pendiente de alta - ref B39);;;E_homonima_otro_autor;https://discografiasdemarchasprocesionales.com/discos/6461/;
M700;Mayor dolor;;AM;;;;;;Fernández Pericet, Luis Alberto (id 2, ya en BD);(AM)Imperio Romano Nuestro Padre Jesús Nazareno (Aguilar de la frontera) (banda nueva, pendiente de alta - ref B39);;;E_homonima_otro_autor;https://discografiasdemarchasprocesionales.com/discos/6461/;
M701;Virgen del rosario;;AM;;;;;;Fernández Pericet, Luis Alberto (id 2, ya en BD);(AM)Imperio Romano Nuestro Padre Jesús Nazareno (Aguilar de la frontera) (banda nueva, pendiente de alta - ref B39);;;E_homonima_otro_autor;https://discografiasdemarchasprocesionales.com/discos/6461/;
M702;Jesús el nazareno;;AM;;Aguilar de la frontera;;Ntro.Padre Jesús Nazareno;394;SIN AUTOR IDENTIFICADO - investigar manualmente;(AM)Imperio Romano Nuestro Padre Jesús Nazareno (Aguilar de la frontera) (banda nueva, pendiente de alta - ref B39);;;V_autor_generico_origen;https://discografiasdemarchasprocesionales.com/discos/6461/;
M703;Última cena;;AM;;;;;;Fernández Pericet, Luis Alberto (id 2, ya en BD);(AM)Imperio Romano Nuestro Padre Jesús Nazareno (Aguilar de la frontera) (banda nueva, pendiente de alta - ref B39);;;E_homonima_otro_autor;https://discografiasdemarchasprocesionales.com/discos/6461/;
M708;Al cristo de san gil;;AM;;;;;239;Reyes Moscoso, Francisco José (id 383, ya en BD);"(AM)Nuestra Señora del Rosario Civitas Solis (Ecija) - candidata segun disco de origen, sin cruzar con la BD; buscar en el desplegable del formulario por si ya existe con otro nombre";;;E_homonima_otro_autor;https://discografiasdemarchasprocesionales.com/discos/6464/;
M710;Escúchame padre;;AM;;;;;;Mena Hervás, José Manuel (id 38, ya en BD);"(AM)Nuestro Padre Jesús Nazareno (La Rambla) - candidata segun disco de origen, sin cruzar con la BD; buscar en el desplegable del formulario por si ya existe con otro nombre";;;E_homonima_otro_autor;https://discografiasdemarchasprocesionales.com/discos/6466/;
M712;Al señor de la columna;2007;AM;;Cuevas del Almanzora;;Señor Atado a la Columna;292;Muñoz Serna, Emilio (id 22, ya en BD);(AM)Virgen del Carmen (Dúrcal) (banda nueva, pendiente de alta - ref B42);;;B_titulo_parecido_otro_autor;https://discografiasdemarchasprocesionales.com/discos/6471/;
M714;Virgen de la paz;;AM;;;;;;Pérez Torres, José Manuel (id 554, ya en BD);"(AM)Santísimo Cristo de la Vera+Cruz (La Puebla de Cazalla) - candidata segun disco de origen, sin cruzar con la BD; buscar en el desplegable del formulario por si ya existe con otro nombre";;;E_homonima_otro_autor;https://discografiasdemarchasprocesionales.com/discos/6473/;
M717;Jesús;;AM;;;;;;Sebastian Bach, Juan (autor nuevo, sin alta todavía);"(AM)María Santísima de los Dolores (Caracabuey) - candidata segun disco de origen, sin cruzar con la BD; buscar en el desplegable del formulario por si ya existe con otro nombre";;;E_homonima_otro_autor;https://discografiasdemarchasprocesionales.com/discos/6475/;
M720;Triunfal;;AM;;Almería;;Hdad.de la Borriquita;279;Vieyte Silva, Juan José (id 578, ya en BD);"(AM)Nuestra Señora del Mar (Huércal de Almería) - candidata segun disco de origen, sin cruzar con la BD; buscar en el desplegable del formulario por si ya existe con otro nombre";;;E_homonima_otro_autor;https://discografiasdemarchasprocesionales.com/discos/6477/;
M721;Entre olivos de amargura;;AM;;;;;;Vieyte Silva, Juan José (id 578, ya en BD);"(AM)Nuestra Señora del Mar (Huércal de Almería) - candidata segun disco de origen, sin cruzar con la BD; buscar en el desplegable del formulario por si ya existe con otro nombre";;;E_homonima_otro_autor;https://discografiasdemarchasprocesionales.com/discos/6477/;
M723;En mis recuerdos;2007;AM;;;;D.Francisco Paredes Ferre;324;Vieyte Silva, Juan José (id 578, ya en BD);"(AM)Nuestra Señora del Mar (Huércal de Almería) - candidata segun disco de origen, sin cruzar con la BD; buscar en el desplegable del formulario por si ya existe con otro nombre";;;E_homonima_otro_autor;https://discografiasdemarchasprocesionales.com/discos/6477/;
M747;Nazareth;;AM;;;;;254;Sánchez Molero, José Manuel (id 76, ya en BD);(AM)Santísimo Cristo de la Expiración (Bailén) (banda nueva, pendiente de alta - ref B44);;;E_homonima_otro_autor;https://discografiasdemarchasprocesionales.com/discos/6502/;
M748;Rezando a ti dios padre;;AM;;;;;203;Sánchez Crespillo, José Manuel (id 689, ya en BD);(AM)Santísimo Cristo de la Expiración (Bailén) (banda nueva, pendiente de alta - ref B44);;;B_titulo_parecido_otro_autor;https://discografiasdemarchasprocesionales.com/discos/6502/;
M750;El triunfo de la fé;;AM;;;;;213;García Pérez, Ignacio José (id 110, ya en BD);(AM)Santísimo Cristo de la Expiración (Bailén) (banda nueva, pendiente de alta - ref B44);;;E_homonima_otro_autor;https://discografiasdemarchasprocesionales.com/discos/6502/;
M752;María magdalena;;AM;;;;;;Infante Jurado, Mario (id 103, ya en BD);"(AM)Santa María de la Esperanza (Sevilla) - candidata segun disco de origen, sin cruzar con la BD; buscar en el desplegable del formulario por si ya existe con otro nombre";;;E_homonima_otro_autor;https://discografiasdemarchasprocesionales.com/discos/6521/;
M755;Carmen;;AM;;;;;;Infante Jurado, Mario (id 103, ya en BD);"(AM)Santa María de la Esperanza (Sevilla) - candidata segun disco de origen, sin cruzar con la BD; buscar en el desplegable del formulario por si ya existe con otro nombre";;;E_homonima_otro_autor;https://discografiasdemarchasprocesionales.com/discos/6521/;
M758;Al amor;2015;AM;;Aracena;;Cristo del Amor;205;Maestre Granados, Marcos (autor nuevo, sin alta todavía);"(AM)La Victoria (La Victoria) - candidata segun disco de origen, sin cruzar con la BD; buscar en el desplegable del formulario por si ya existe con otro nombre";;;E_homonima_otro_autor;https://discografiasdemarchasprocesionales.com/discos/6528/;
M761;Virgen de la victoria;;AM;;;;;;Maestre Granados, Pedro (autor nuevo, sin alta todavía);"(AM)La Victoria (La Victoria) - candidata segun disco de origen, sin cruzar con la BD; buscar en el desplegable del formulario por si ya existe con otro nombre";;;E_homonima_otro_autor;https://discografiasdemarchasprocesionales.com/discos/6528/;
M777;Marcha lenta;;CCTT;;Linares;;Virgen de Linarejos;213;Escámez López, Alberto (id 84, ya en BD);"(CT)Archicofradia del Paso y la Esperanza (Málaga) - candidata segun disco de origen, sin cruzar con la BD; buscar en el desplegable del formulario por si ya existe con otro nombre";;;E_homonima_otro_autor;https://discografiasdemarchasprocesionales.com/discos/6567/;
M779;Estrella madre nuestra;;AM;;;;Virgen de la Estrella, Patrona de Espiel;268;Roldán Roldán, Manuel (id 57, ya en BD);(AM)Sierra del Castillo(Espiel) (banda nueva, pendiente de alta - ref B45);;;E_homonima_otro_autor;https://discografiasdemarchasprocesionales.com/discos/6574/;
M780;Entrada en jerusalem;;AM;;Espiel;;Hdad.de la Borriquita;243;Ruiz Serrano, Guillermo (id 1167, ya en BD);(AM)Sierra del Castillo(Espiel) (banda nueva, pendiente de alta - ref B45);;;E_homonima_otro_autor;https://discografiasdemarchasprocesionales.com/discos/6574/;
M783;Amarrao a la columna;;AM;;Espiel;;Hdad. Nuestro Padre Jesús Nazareno;267;Ruiz Serrano, Guillermo (id 1167, ya en BD);(AM)Sierra del Castillo(Espiel) (banda nueva, pendiente de alta - ref B45);;;E_homonima_otro_autor;https://discografiasdemarchasprocesionales.com/discos/6574/;
M787;Señor...;;AM;;Sevilla;;Ntro.Padre Jesús de la Salud de la Hdad.de los Gitanos;192;Usatorre Montilla, Francisco Javier (id 1210, ya en BD);"(AM)Santa Cecilia (Sevilla) - candidata segun disco de origen, sin cruzar con la BD; buscar en el desplegable del formulario por si ya existe con otro nombre";;;E_homonima_otro_autor;https://discografiasdemarchasprocesionales.com/discos/6583/;
M793;El resurgir;;AM;;Sevilla;;Componentes de la A.M.Santa Cecilia;290;Onia Román, Víctor (id 1230, ya en BD);"(AM)Santa Cecilia (Sevilla) - candidata segun disco de origen, sin cruzar con la BD; buscar en el desplegable del formulario por si ya existe con otro nombre";;;E_homonima_otro_autor;https://discografiasdemarchasprocesionales.com/discos/6583/;
M796;Traición;2013;CCTT;;Úbeda;;Cofradia Sacramental Ntro.Señor Jesucristo en su Prendimiento y María Stma.del Auxilio;235;López Gándara, Cristóbal (id 121, ya en BD);"(CT)Maria Stma.del Amor(Úbeda) - candidata segun disco de origen, sin cruzar con la BD; buscar en el desplegable del formulario por si ya existe con otro nombre";;;E_homonima_otro_autor;https://discografiasdemarchasprocesionales.com/discos/6590/;
M800;En tus manos;2017;CCTT;;Jaén;;Hdad.Stmo.Cristo de la Vera-Cruz y María Stma. de los Dolores;237;Torres Simón, Francisco Javier (id 317, ya en BD);"(CT)Maria Stma.del Amor(Úbeda) - candidata segun disco de origen, sin cruzar con la BD; buscar en el desplegable del formulario por si ya existe con otro nombre";;;E_homonima_otro_autor;https://discografiasdemarchasprocesionales.com/discos/6590/;
M801;Las puertas del cielo;2017;CCTT;;;;B.C.T.María Stma del Amor de Úbeda por su XV Aniversario Fundacional;207;López Gándara, Cristóbal (id 121, ya en BD);"(CT)Maria Stma.del Amor(Úbeda) - candidata segun disco de origen, sin cruzar con la BD; buscar en el desplegable del formulario por si ya existe con otro nombre";;;E_homonima_otro_autor;https://discografiasdemarchasprocesionales.com/discos/6590/;
M802;Consummatum es;2016;CCTT;;Úbeda;;Stmo.Cristo de la Expiración;255;Ortal Ponce, David (id 333, ya en BD);"(CT)Maria Stma.del Amor(Úbeda) - candidata segun disco de origen, sin cruzar con la BD; buscar en el desplegable del formulario por si ya existe con otro nombre";;;B_titulo_parecido_otro_autor;https://discografiasdemarchasprocesionales.com/discos/6590/;
M815;La piedad;2017;CCTT;;Huévar del Aljarafe;;Hdad.de la Soledad;233;Gómez Rodríguez, Alejandro (id 523, ya en BD);"(CT)Stmo.Cristo de la Vera-Cruz (Los Palacios y Villafranca) - candidata segun disco de origen, sin cruzar con la BD; buscar en el desplegable del formulario por si ya existe con otro nombre";;;E_homonima_otro_autor;https://discografiasdemarchasprocesionales.com/discos/6607/;
M821;El hijo del hombre;2023;CCTT;;;;;210;Perojil Villar, Jesús Manuel (id 1175, ya en BD);"(CT)Aracena (Aracena) - candidata segun disco de origen, sin cruzar con la BD; buscar en el desplegable del formulario por si ya existe con otro nombre";;;E_homonima_otro_autor;https://discografiasdemarchasprocesionales.com/discos/6610/;
M823;Sangre de cristo;2020;CCTT;;;;;161;Macías Gómez, David (id 445, ya en BD);"(CT)Aracena (Aracena) - candidata segun disco de origen, sin cruzar con la BD; buscar en el desplegable del formulario por si ya existe con otro nombre";;;E_homonima_otro_autor;https://discografiasdemarchasprocesionales.com/discos/6610/;
M825;Victoria;2023;CCTT;;Huelva;;Hdad.La Victoria;212;Macías Gómez, David (id 445, ya en BD);"(CT)Aracena (Aracena) - candidata segun disco de origen, sin cruzar con la BD; buscar en el desplegable del formulario por si ya existe con otro nombre";;;E_homonima_otro_autor;https://discografiasdemarchasprocesionales.com/discos/6610/;
M826;La soledad de maría;2023;CCTT;;;;;186;Estrada Manzano, Tomás (id 1087, ya en BD);"(CT)Aracena (Aracena) - candidata segun disco de origen, sin cruzar con la BD; buscar en el desplegable del formulario por si ya existe con otro nombre";;;E_homonima_otro_autor;https://discografiasdemarchasprocesionales.com/discos/6610/;
M828;La paz;2022;CCTT;;Córdoba;;María Stma.de la Paz y Esperanza Coronada;222;Guzmán Guerrero, Francisco Javier (id 1060, ya en BD);"(CT)Ntra.Sra.de la Salud (Córdoba) - candidata segun disco de origen, sin cruzar con la BD; buscar en el desplegable del formulario por si ya existe con otro nombre";;;E_homonima_otro_autor;https://discografiasdemarchasprocesionales.com/discos/6611/;
M830;Salvación;2017;CCTT;;Jerez de la frontera;;Stmo.Cristo de la Savación;283;Sánchez Martín, José María (id 24, ya en BD);"(CT)Ntra.Sra.de la Salud (Córdoba) - candidata segun disco de origen, sin cruzar con la BD; buscar en el desplegable del formulario por si ya existe con otro nombre";;;E_homonima_otro_autor;https://discografiasdemarchasprocesionales.com/discos/6611/;
M839;Reina de los ángeles;2017;CCTT;;Montemayor;;Hdad.de Ntro.Señor Resucitado y Ntra.Sra.Reina de los Ángeles;202;Guijarro Navajas, Israel (id 444, ya en BD);(CT)Ntro.Padre Jesús Nazareno (Montemayor) (banda nueva, pendiente de alta - ref B46);;;E_homonima_otro_autor;https://discografiasdemarchasprocesionales.com/discos/6613/;
M847;El alma;;CCTT;;;;Memoria D. Rafael Ángel Ruiz García;252;Guerrero Marín, Manuel Jesús (id 32, ya en BD);"(CT)María Stma. del Amor y la Paz (Montoro) - candidata segun disco de origen, sin cruzar con la BD; buscar en el desplegable del formulario por si ya existe con otro nombre";;;E_homonima_otro_autor;https://discografiasdemarchasprocesionales.com/discos/6614/;
M857;Mi mandamiento;2023;AM;;Huelma;;Componentes de la A.M.Sanjuaneros;223;Sánchez Crespillo, José Manuel (id 689, ya en BD);"(AM)María Santísima de la Esperanza &quot;Sanjuanero (Huelma) - candidata segun disco de origen, sin cruzar con la BD; buscar en el desplegable del formulario por si ya existe con otro nombre";;;B_titulo_parecido_otro_autor;https://discografiasdemarchasprocesionales.com/discos/6632/;
M864;El camino a la gloria;2021;AM;;;;;204;Ortiz Morón, Francisco José (id 17, ya en BD);"(AM)Nuestra Señora de la Encarnación (Almuñécar) - candidata segun disco de origen, sin cruzar con la BD; buscar en el desplegable del formulario por si ya existe con otro nombre";;;E_homonima_otro_autor;https://discografiasdemarchasprocesionales.com/discos/6638/;
M869;Padre nuestro;;AM;;;;;233;López Correa, José Manuel (id 1091, ya en BD);"(AM)Nuestra Señora de la Encarnación (Almuñécar) - candidata segun disco de origen, sin cruzar con la BD; buscar en el desplegable del formulario por si ya existe con otro nombre";;;E_homonima_otro_autor;https://discografiasdemarchasprocesionales.com/discos/6638/;
M872;El nazareno;2019;AM;;Ciudad Real;;Hdad.del Nazareno;223;García Pérez, Ignacio José (id 110, ya en BD);"(AM)Nuestro Padre Jesús de la Pasión (Linares) - candidata segun disco de origen, sin cruzar con la BD; buscar en el desplegable del formulario por si ya existe con otro nombre";;;E_homonima_otro_autor;https://discografiasdemarchasprocesionales.com/discos/6643/;
M874;Tu esencia;2020;CCTT;;Arahal;;Ntro.Padre Jesús Nazareno;234;Poza Mesa, Iván (id 686, ya en BD);"(CT)Nuestro Padre Jesús Nazareno (Arahal) - candidata segun disco de origen, sin cruzar con la BD; buscar en el desplegable del formulario por si ya existe con otro nombre";;;E_homonima_otro_autor;https://discografiasdemarchasprocesionales.com/discos/6646/;
M894;Himno al cristo de gracia;;AM;;Córdoba;;Stmo.Cristo de Gracia;265;Prieto Gómez, Antonio José (autor nuevo, sin alta todavía);"(AM)Santísimo Cristo de Gracia (Córdoba) - candidata segun disco de origen, sin cruzar con la BD; buscar en el desplegable del formulario por si ya existe con otro nombre";;;E_homonima_otro_autor;https://discografiasdemarchasprocesionales.com/discos/6660/;
M896;Madre del dulce nombre;2016;CCTT;;Granada;;María Stma.del Dulce Nombre;214;García Pérez, Ignacio José (id 110, ya en BD);"(CT)Nuestro Padre Jesús Despojado de sus Vestiduras (Granada) - candidata segun disco de origen, sin cruzar con la BD; buscar en el desplegable del formulario por si ya existe con otro nombre";;;B_titulo_parecido_otro_autor;https://discografiasdemarchasprocesionales.com/discos/6663/;
M898;Preludio;2017;CCTT;;;;Familia León;222;López Gándara, Cristóbal (id 121, ya en BD);"(CT)Nuestro Padre Jesús Despojado de sus Vestiduras (Granada) - candidata segun disco de origen, sin cruzar con la BD; buscar en el desplegable del formulario por si ya existe con otro nombre";;;E_homonima_otro_autor;https://discografiasdemarchasprocesionales.com/discos/6663/;
M904;La salvación;2025;CCTT;;Granada;;Stmo.Cristo de la Misericordia con motivo del Centenario Fundacional de la Hdad.del Silencio;223;García Pérez, Ignacio José (id 110, ya en BD);"(CT)Nuestro Padre Jesús Despojado de sus Vestiduras (Granada) - candidata segun disco de origen, sin cruzar con la BD; buscar en el desplegable del formulario por si ya existe con otro nombre";;;E_homonima_otro_autor;https://discografiasdemarchasprocesionales.com/discos/6663/;
M907;Al compás de tu humildad;;AM;;jerez de los Caballeros;;Cristo de la Humildad;174;Ahumada Salguero, Manuel Jesús (autor nuevo, sin alta todavía);(AM)Nuestro Padre Jesús Nazareno (Jerez de los Caballeros) (banda nueva, pendiente de alta - ref B50);;;B_titulo_parecido_otro_autor;https://discografiasdemarchasprocesionales.com/discos/6669/;
M911;El patio de los gentiles;;AM;;;;;224;Muñiz Carmona, Sergio (id 496, ya en BD);(AM)Nuestro Padre Jesús del Soberano Poder. (Alcalá de Guadaíra) (banda nueva, pendiente de alta - ref B51);;;B_titulo_parecido_otro_autor;https://discografiasdemarchasprocesionales.com/discos/6671/;
M913;Misericordia;;AM;;;;;260;Muñiz Carmona, Sergio (id 496, ya en BD);(AM)Nuestro Padre Jesús del Soberano Poder. (Alcalá de Guadaíra) (banda nueva, pendiente de alta - ref B51);;;E_homonima_otro_autor;https://discografiasdemarchasprocesionales.com/discos/6671/;
M915;Al señor de la paz;;AM;;;;;254;Muñiz Carmona, Sergio (id 496, ya en BD);(AM)Nuestro Padre Jesús del Soberano Poder. (Alcalá de Guadaíra) (banda nueva, pendiente de alta - ref B51);;;E_homonima_otro_autor;https://discografiasdemarchasprocesionales.com/discos/6671/;
M921;Arrepentimiento de judas;;AM;;Alcaudete;;Antigua Cofradía de los Apóstoles;204;López Gándara, Cristóbal (id 121, ya en BD);"(AM)Jesús Cautivo (Alcaudete) - candidata segun disco de origen, sin cruzar con la BD; buscar en el desplegable del formulario por si ya existe con otro nombre";;;B_titulo_parecido_otro_autor;https://discografiasdemarchasprocesionales.com/discos/6683/;
M922;El dolor de la madre;;AM;;Alcaudete;;Ntra.Sra.de los Dolores;289;Sánchez Martín, José María (id 24, ya en BD);"(AM)Jesús Cautivo (Alcaudete) - candidata segun disco de origen, sin cruzar con la BD; buscar en el desplegable del formulario por si ya existe con otro nombre";;;B_titulo_parecido_otro_autor;https://discografiasdemarchasprocesionales.com/discos/6683/;
M925;Vera crux;;AM;;Marmolejo;;Stmo.Cristo de la Vera Cruz;257;Sánchez Martín, José María (id 24, ya en BD);"(AM)Jesús Cautivo (Alcaudete) - candidata segun disco de origen, sin cruzar con la BD; buscar en el desplegable del formulario por si ya existe con otro nombre";;;D_mismo_autor_titulo_parecido;https://discografiasdemarchasprocesionales.com/discos/6683/;
M928;Getsemaní;2023;AM;;Alcalá la Real;;Ntro.Padre Jesús en el Huerto de Olivo;203;Sánchez Crespillo, José Manuel (id 689, ya en BD);(AM)Virgen de la Esperanza (Alcalá la Real) (banda nueva, pendiente de alta - ref B52);;;E_homonima_otro_autor;https://discografiasdemarchasprocesionales.com/discos/6687/;
M929;Esperanza nuestra;;AM;;;;;219;Perea Garrido, Pablo (id 1093, ya en BD);(AM)Virgen de la Esperanza (Alcalá la Real) (banda nueva, pendiente de alta - ref B52);;;E_homonima_otro_autor;https://discografiasdemarchasprocesionales.com/discos/6687/;
M935;Sentenciado;;CCTT;;Úbeda;;Ntro.Padre Jesús de la Sentencia;200;Ortiz Morón, Francisco José (id 17, ya en BD);"(CT)María Santísima de las Penas (Úbeda) - candidata segun disco de origen, sin cruzar con la BD; buscar en el desplegable del formulario por si ya existe con otro nombre";;;E_homonima_otro_autor;https://discografiasdemarchasprocesionales.com/discos/6689/;
M937;Esas penas de tu cara;;CCTT;;;;;214;Gámez Esteban, Joaquín (id 725, ya en BD);"(CT)María Santísima de las Penas (Úbeda) - candidata segun disco de origen, sin cruzar con la BD; buscar en el desplegable del formulario por si ya existe con otro nombre";;;E_homonima_otro_autor;https://discografiasdemarchasprocesionales.com/discos/6691/;
